0_300k,True,0.0371609015818907,1656,1039,227,0.21847930702598695,0.13707729468599,HPA:008050_22,HPA,"cerebral cortex; neuropil[Approved,Medium]",9494,296,HPA:008050_21,"HPA,HPA,HPA,HPA,HPA,HPA,HPA,HPA,HPA,HPA,HPA,HPA,HPA,HPA,HPA,HPA,HPA,HPA,HPA,HPA,HPA,HPA,HPA,HPA,HPA,HPA,HPA,HPA,HPA,HPA,HPA,HPA,HPA,HPA,HPA,HPA,HPA,HPA,HPA,HPA,HPA,HPA,HPA,HPA,HPA,HPA,HPA,HPA,HPA,HPA,HPA,HPA,HPA,HPA,HPA,HPA,HPA,HPA,HPA,HPA,HPA,HPA,HPA,HPA,HPA,HPA,HPA,HPA,HPA,HPA,HPA,HPA,HPA,HPA,HPA,HPA,HPA,HPA,HPA,HPA,HPA,HPA,HPA,HPA,HPA,HPA,HPA,HPA,HPA,HPA,HPA,HPA,HPA,HPA,HPA,HPA,HPA,HPA,HPA,HPA,HPA,HPA,HPA,HPA,HPA,HPA,HPA,HPA,HPA,HPA,HPA,HPA,HPA,HPA,HPA,HPA,HPA,HPA,HPA,HPA,HPA,HPA,HPA,HPA,HPA,HPA,HPA,HPA,HPA,HPA,HPA,HPA,HPA,HPA,HPA,HPA,HPA,HPA,HPA,HPA,HPA,HPA,HPA,HPA,HPA,HPA,HPA,HPA,HPA,HPA,HPA,HPA,HPA,HPA,HPA,HPA,HPA,HPA,HPA,HPA,HPA,HPA,HPA,HPA,HPA,HPA,HPA,HPA,HPA,HPA,HPA,HPA,HPA,HPA,HPA,HPA,HPA,HPA,HPA,HPA,HPA,HPA,HPA,HPA,HPA,HPA,HPA,HPA,HPA,HPA,HPA,HPA,HPA,HPA,HPA,HPA,HPA,HPA,HPA,HPA,HPA,HPA,HPA,HPA,HPA,HPA,HPA,HPA,HPA,HPA,HPA,HPA,HPA,HPA,HPA,HPA,HPA,HPA,HPA,HPA,HPA,HPA,HPA,HPA,HPA,HPA,HPA","CASZ1,COLGALT2,CNTN2,CCDC30,AGBL4,GIPC2,PRKACB,BCAR3,ALG14,CLSTN1,HPCAL1,MGAT5,LRP1B,CERS6,UBR3,KCNS3,TNS1,ATG4B,ITSN2,ALK,TTC27,RMDN2,HNRNPLL,SLC1A4,SPRED2,SFXN5,THNSL2,ALCAM,CBLB,HSPBAP1,KALRN,CHCHD6,KCNAB1,LRRC3B,DOCK3,CNTN3,ROBO2,CAMK2D,PCDH10,MAML3,INPP4B,ABCE1,FNIP2,CEP44,RWDD4,ENPP6,FAT1,PPP2R2C,TBC1D14,HELQ,ARHGAP24,MAPK10,PKD2,FER,KCTD16,PPP2R2B,DPYSL3,ABLIM3,SH3PXD2B,RNF130,DHX29,PDE4D,MAST4,ADCY2,WDR41,ATG10,ATP6AP1L,EDIL3,FAM172A,GRIK2,GCNT2,CEP57L1,FYN,HIVEP1,SHPRH,MTHFD1L,CNKSR3,TIAM2,SYNJ2,FNDC1,DAAM2,TNFRSF21,SMAP1,NT5E,HTR1E,CUX1,NRCAM,IMMP2L,MKLN1,CNOT4,BRAF,TPK1,AGAP3,LMBR1,PTPRN2,VPS41,GRB10,AUTS2,CALN1,GTF2IRD1,PCLO,NCALD,ZFPM2,RSPO2,FAM49B,NDRG1,LOXL2,ADRA1A,FGFR1,HGSNAT,SPIDR,ERICH1,EPB41L4B,PTPN3,SUSD1,EXOSC2,LINGO2,FAM171A1,PLXDC2,KIAA1217,ARHGAP21,SVIL,PARD3,ZNF33A,ANK3,RHOBTB1,KCNMA1,EXOC6,DDX10,SDHD,GRAMD1B,PLEKHA7,KCNA4,QSER1,HIPK3,ABTB2,LDLRAD3,LRRC4C,ARHGAP1,FRMD8,CNTN5,WSCD2,PPTC7,PTPN11,TAOK3,PITPNM2,RILPL1,ERC1,LGR5,TMEM19,NTN4,NALCN,TUBGCP3,GRTP1,NAA16,EPSTI1,IPO5,STRN3,NFKBIA,PRKCH,SIPA1L1,NRXN3,HAUS2,ATP8B4,SPG21,MYO9A,CHRNA3,RASGRF1,SEMA4B,SV2B,RGMA,LRRC28,SNX29,HAGH,IQCK,PRKCB,GSG1L,MGRN1,ITFG1,SMPD3,COG4,WDR59,ZNRF1,WWOX,CMIP,SLC7A5,DEF8,DBNDD1,KCNJ12,RAP1GAP2,ATP2A3,UBE2G1,MSI2,TEX2,SEPT9,PIK3R6,ZSCAN30,KATNAL2,WDR7,PIGN,CDH7,TSHZ1,RAB12,CRTC1,TSHZ3,SH3GL1,AP2A1,PALM,SLX4IP,RIN2,SOGA1,CTNNBL1,PLCG1,PTPRT,MTG2,FERMT1,ARFGAP1,C21orf91,MX1,PDXK,PCBP3,KIAA1671,TPST2,RNF215,TXN2,PRR5,ATXN10"
0_300k,True,0.00106720272036665,165,865,38,0.0439306358381503,0.23030303030303,KEGG:04022,KEGG,cGMP-PKG signaling pathway,7747,229,KEGG:00000,"KEGG,KEGG,KEGG,KEGG,KEGG,KEGG,KEGG,KEGG,KEGG,KEGG,KEGG,KEGG,KEGG,KEGG,KEGG,KEGG,KEGG,KEGG,KEGG,KEGG,KEGG,KEGG,KEGG,KEGG,KEGG,KEGG,KEGG,KEGG,KEGG,KEGG,KEGG,KEGG,KEGG,KEGG,KEGG,KEGG,KEGG,KEGG","OPRD1,CREB1,IRS1,SLC8A1,PRKCE,ATP2B2,ADCY5,MYLK,KCNMB3,ITPR1,CACNA1D,PPP3CA,SLC25A31,ADRB2,ADCY2,MYLK4,ITPR3,CREB5,GTF2IRD1,GATA4,ADCY8,ADRA1A,ADRA2A,PRKG1,KCNMA1,TRPC6,PDE3A,CACNA1C,MEF2A,CNGB1,ATP2A3,PIK3R6,PIK3R5,ROCK1,NFATC1,ATP1A3,NFATC2,PLCB1"
0_300k,True,0.00385422474957694,59,1144,19,0.0166083916083916,0.322033898305085,REAC:R-HSA-8986944,REAC,Transcriptional Regulation by MECP2,10588,2248,REAC:R-HSA-212436,"REAC,REAC,REAC,REAC,REAC,REAC,REAC,REAC,REAC,REAC,REAC,REAC,REAC,REAC,REAC,REAC,REAC,REAC,REAC","LBR,AGO4,AGO1,PTPN4,CREB1,TBL1XR1,CAMK2D,GRIA2,HTT,CAMK2A,SGK1,FKBP5,HIPK2,PTEN,NCOR2,GRIN2B,GRIN2A,RBFOX1,TNRC6B"
0_300k,True,0.00471555005196659,127,1144,31,0.0270979020979021,0.244094488188976,REAC:R-HSA-1500931,REAC,Cell-Cell communication,10588,304,REAC:0000000,"REAC,REAC,REAC,REAC,REAC,REAC,REAC,REAC,REAC,REAC,REAC,REAC,REAC,REAC,REAC,REAC,REAC,REAC,REAC,REAC,REAC,REAC,REAC,REAC,REAC,REAC,REAC,REAC,REAC,REAC,REAC","LAMB3,ACTN2,NCK2,SPTBN1,CLDN18,CADM2,CDH18,CDH12,CDH9,FYN,DST,SDK1,CLDN4,MAGI2,PTK2,SPTAN1,RSU1,PARD3,SFTPA1,PARVA,PTPN11,CDH8,CDH13,CDH15,SDK2,ITGB4,CDH7,NPHS1,CDH4,CLDN14,PARVB"
0_300k,True,0.0117529437021855,250,1144,49,0.0428321678321678,0.196,REAC:R-HSA-9607240,REAC,FLT3 Signaling,10588,823,REAC:R-HSA-1280215,"REAC,REAC,REAC,REAC,REAC,REAC,REAC,REAC,REAC,REAC,REAC,REAC,REAC,REAC,REAC,REAC,REAC,REAC,REAC,REAC,REAC,REAC,REAC,REAC,REAC,REAC,REAC,REAC,REAC,REAC,REAC,REAC,REAC,REAC,REAC,REAC,REAC,REAC,REAC,REAC,REAC,REAC,REAC,REAC,REAC,REAC,REAC,REAC,REAC","ACTN2,IRS1,RASGRP3,SPTBN1,SPRED2,TGFA,PIK3R4,IL17RD,EGF,CAMK2D,GAB1,KIT,BTC,NRG2,CAMK2A,RASGRF2,RASA1,FYN,BRAF,ANGPT1,PTK2,NRG1,PSMB7,SPTAN1,TEK,GFRA1,VCL,NRG3,PPP2R1B,NCAM1,PSMA1,DUSP8,PSMD13,SPTBN2,DLG2,BRAP,PTPN11,KSR2,GRIN2B,VWF,FRS2,SPTB,RASGRF1,KSR1,PSMD11,ITGB3,JAK3,PSMF1,IL2RB"
0_300k,True,0.0125649977052608,237,1144,47,0.0410839160839161,0.19831223628692,REAC:R-HSA-5684996,REAC,MAPK1/MAPK3 signaling,10588,1213,REAC:R-HSA-5683057,"REAC,REAC,REAC,REAC,REAC,REAC,REAC,REAC,REAC,REAC,REAC,REAC,REAC,REAC,REAC,REAC,REAC,REAC,REAC,REAC,REAC,REAC,REAC,REAC,REAC,REAC,REAC,REAC,REAC,REAC,REAC,REAC,REAC,REAC,REAC,REAC,REAC,REAC,REAC,REAC,REAC,REAC,REAC,REAC,REAC,REAC,REAC","ACTN2,IRS1,RASGRP3,SPTBN1,SPRED2,TGFA,IL17RD,EGF,CAMK2D,KIT,BTC,NRG2,CAMK2A,RASGRF2,RASA1,FYN,BRAF,ANGPT1,PTK2,NRG1,PSMB7,SPTAN1,TEK,GFRA1,VCL,NRG3,PPP2R1B,NCAM1,PSMA1,DUSP8,PSMD13,SPTBN2,DLG2,BRAP,PTPN11,KSR2,GRIN2B,VWF,FRS2,SPTB,RASGRF1,KSR1,PSMD11,ITGB3,JAK3,PSMF1,IL2RB"
0_300k,True,0.0153558021329517,232,1144,46,0.0402097902097902,0.198275862068966,REAC:R-HSA-5673001,REAC,RAF/MAP kinase cascade,10588,1655,"c(""REAC:R-HSA-5684996"", ""REAC:R-HSA-9607240"")","REAC,REAC,REAC,REAC,REAC,REAC,REAC,REAC,REAC,REAC,REAC,REAC,REAC,REAC,REAC,REAC,REAC,REAC,REAC,REAC,REAC,REAC,REAC,REAC,REAC,REAC,REAC,REAC,REAC,REAC,REAC,REAC,REAC,REAC,REAC,REAC,REAC,REAC,REAC,REAC,REAC,REAC,REAC,REAC,REAC,REAC","ACTN2,IRS1,RASGRP3,SPTBN1,SPRED2,TGFA,IL17RD,EGF,CAMK2D,KIT,BTC,NRG2,CAMK2A,RASGRF2,RASA1,FYN,BRAF,ANGPT1,PTK2,NRG1,PSMB7,SPTAN1,TEK,GFRA1,VCL,NRG3,PPP2R1B,NCAM1,PSMA1,DUSP8,PSMD13,SPTBN2,DLG2,BRAP,KSR2,GRIN2B,VWF,FRS2,SPTB,RASGRF1,KSR1,PSMD11,ITGB3,JAK3,PSMF1,IL2RB"
0_300k,True,0.0205206449560107,276,1144,52,0.0454545454545455,0.18840579710144895,REAC:R-HSA-5683057,REAC,MAPK family signaling cascades,10588,1210,REAC:R-HSA-162582,"REAC,REAC,REAC,REAC,REAC,REAC,REAC,REAC,REAC,REAC,REAC,REAC,REAC,REAC,REAC,REAC,REAC,REAC,REAC,REAC,REAC,REAC,REAC,REAC,REAC,REAC,REAC,REAC,REAC,REAC,REAC,REAC,REAC,REAC,REAC,REAC,REAC,REAC,REAC,REAC,REAC,REAC,REAC,REAC,REAC,REAC,REAC,REAC,REAC,REAC,REAC,REAC","ACTN2,AGO4,AGO1,PRKACB,IRS1,RASGRP3,SPTBN1,SPRED2,TGFA,KALRN,IL17RD,EGF,CAMK2D,KIT,BTC,NRG2,CAMK2A,RASGRF2,RASA1,FYN,BRAF,ANGPT1,PTK2,NRG1,PSMB7,SPTAN1,TEK,GFRA1,VCL,NRG3,PPP2R1B,NCAM1,PSMA1,DUSP8,PSMD13,SPTBN2,DLG2,BRAP,PTPN11,KSR2,GRIN2B,VWF,FRS2,SPTB,RASGRF1,KSR1,PSMD11,ITGB3,JAK3,PSMF1,IL2RB,TNRC6B"
0_300k,True,0.0213464246649824,40,1144,14,0.0122377622377622,0.35,REAC:R-HSA-1489509,REAC,DAG and IP3 signaling,10588,393,REAC:R-HSA-9006925,"REAC,REAC,REAC,REAC,REAC,REAC,REAC,REAC,REAC,REAC,REAC,REAC,REAC,REAC","PRKACB,PDE1A,CREB1,PRKCE,ADCY5,ITPR1,PRKAR2A,CAMK2D,CAMK2A,ADCY2,ITPR3,PDE1C,ADCY8,PLCG1"
0_300k,True,0.0240145562544921,31,1144,12,0.0104895104895105,0.387096774193548,REAC:R-HSA-445095,REAC,Interaction between L1 and Ankyrins,10588,1093,REAC:R-HSA-373760,"REAC,REAC,REAC,REAC,REAC,REAC,REAC,REAC,REAC,REAC,REAC,REAC","NFASC,SCN7A,SPTBN1,SCN5A,ANK2,NRCAM,KCNQ3,SPTAN1,ANK3,SPTBN2,SPTB,SCN4A"
0_300k,True,0.0318434019388795,62,1144,18,0.0157342657342657,0.29032258064516103,REAC:R-HSA-2219530,REAC,Constitutive Signaling by Aberrant PI3K in Cancer,10588,363,REAC:R-HSA-2219528,"REAC,REAC,REAC,REAC,REAC,REAC,REAC,REAC,REAC,REAC,REAC,REAC,REAC,REAC,REAC,REAC,REAC,REAC","PIK3CD,IRS1,TGFA,CD80,CD86,EGF,GAB1,KIT,BTC,NRG2,FYN,ESR1,NRG1,NRG3,PIK3AP1,PTPN11,FRS2,VAV1"
0_300k,True,0.000531534564624536,120,838,33,0.0393794749403341,0.275,WP:WP4549,WP,Fragile X Syndrome ,6954,517,WP:000000,"WP,WP,WP,WP,WP,WP,WP,WP,WP,WP,WP,WP,WP,WP,WP,WP,WP,WP,WP,WP,WP,WP,WP,WP,WP,WP,WP,WP,WP,WP,WP,WP,WP","RAP1GAP,MKNK1,ABCD3,CREB1,GRIP2,ITPR1,PPP3CA,GAB1,GRIA2,CAMK2A,GABRA1,GABRG2,HCN1,HOMER1,FYN,KCND2,BRAF,DEPTOR,PTEN,KCNC1,GRM5,PTPN11,GRIN2B,GPHN,SH3GL3,GRIN2A,ABAT,SH3GL1,AP2A1,TTI1,PLCG1,PLCB1,APP"
300_500k,True,0.0207274616408349,9,329,6,0.0182370820668693,0.666666666666667,HP:0010955,HP,Dilatation of the bladder,4232,7417,HP:0025487,"HP,HP,HP,HP,HP,HP","LMOD1,ACTG2,MYLK,TP63,LMNB1,MYH11"
300_500k,True,0.0439173883608206,169,329,29,0.08814589665653501,0.171597633136095,HP:0000160,HP,Narrow mouth,4232,140,HP:0011337,"HP,HP,HP,HP,HP,HP,HP,HP,HP,HP,HP,HP,HP,HP,HP,HP,HP,HP,HP,HP,HP,HP,HP,HP,HP,HP,HP,HP,HP","LAMB3,SKI,NFIA,RERE,SPEG,ZBTB20,TP63,PHACTR1,HIVEP2,TWIST1,AUTS2,RSPO2,CHD7,MUSK,FGFR2,PTEN,ZBTB16,DCPS,CCND2,NALCN,BCL11B,MAF,BPTF,SEPT9,PIEZO2,RTTN,TBC1D20,PLCB4,TBX1"
300_500k,True,0.00103587130083046,135,451,22,0.0487804878048781,0.162962962962963,KEGG:04270,KEGG,Vascular smooth muscle contraction,7747,275,KEGG:00000,"KEGG,KEGG,KEGG,KEGG,KEGG,KEGG,KEGG,KEGG,KEGG,KEGG,KEGG,KEGG,KEGG,KEGG,KEGG,KEGG,KEGG,KEGG,KEGG,KEGG,KEGG,KEGG","ARHGEF11,RAMP1,PRKCE,ACTG2,MYLK,ITPR1,CACNA1D,ADRA1B,ADCY2,CALD1,GNA12,RAMP3,PRKG1,CACNA1C,PRKCH,MYH11,PRKCB,MYH14,EDN3,PLCB1,PLCB4,PLA2G6"
300_500k,True,0.013133233700326,106,451,17,0.0376940133037694,0.160377358490566,KEGG:04928,KEGG,"Parathyroid hormone synthesis, secretion and action",7747,360,KEGG:00000,"KEGG,KEGG,KEGG,KEGG,KEGG,KEGG,KEGG,KEGG,KEGG,KEGG,KEGG,KEGG,KEGG,KEGG,KEGG,KEGG,KEGG","ARHGEF11,RXRG,PDE4B,PLD1,ITPR1,SLC34A2,PDE4D,ADCY2,RUNX2,CREB5,GNA12,FOS,PRKCB,BCL2,CYP24A1,PLCB1,PLCB4"
300_500k,True,0.0213163217643619,100,451,16,0.0354767184035477,0.16,KEGG:04750,KEGG,Inflammatory mediator regulation of TRP channels,7747,340,KEGG:00000,"KEGG,KEGG,KEGG,KEGG,KEGG,KEGG,KEGG,KEGG,KEGG,KEGG,KEGG,KEGG,KEGG,KEGG,KEGG,KEGG","TRPM8,PRKCE,IL1RAP,ITPR1,CAMK2D,CAMK2A,ADCY2,PRKCH,PRKCB,ASIC2,MAP2K6,SRC,PLCG1,PLCB1,PLCB4,PLA2G6"
300_500k,True,0.0035511795851840703,41,576,11,0.0190972222222222,0.2682926829268289,REAC:R-HSA-383280,REAC,Nuclear Receptor transcription pathway,10588,1446,REAC:R-HSA-212436,"REAC,REAC,REAC,REAC,REAC,REAC,REAC,REAC,REAC,REAC,REAC","RXRG,ESRRG,PPARG,THRB,RARB,ESR1,NR5A1,NCOR2,ESRRB,RORA,PPARA"
300_500k,True,0.00499359742196751,35,576,10,0.0173611111111111,0.28571428571428603,REAC:R-HSA-5083635,REAC,Defective B3GALTL causes Peters-plus syndrome (PpS),10588,451,REAC:R-HSA-3906995,"REAC,REAC,REAC,REAC,REAC,REAC,REAC,REAC,REAC,REAC","ADAMTS9,ADAMTS2,ADAMTS12,THBS2,THSD7A,ADAMTSL2,ADAMTSL1,SPON1,ADAMTS17,THSD4"
300_500k,True,0.0110366808466229,24,576,8,0.0138888888888889,0.33333333333333304,REAC:R-HSA-4090294,REAC,SUMOylation of intracellular receptors,10588,1914,REAC:R-HSA-3108232,"REAC,REAC,REAC,REAC,REAC,REAC,REAC,REAC","HDAC4,PPARG,THRB,NR3C1,ESR1,NR5A1,RORA,PPARA"
300_500k,True,0.030348363427392007,108,576,17,0.0295138888888889,0.15740740740740694,REAC:R-HSA-5173105,REAC,O-linked glycosylation,10588,1457,REAC:R-HSA-597592,"REAC,REAC,REAC,REAC,REAC,REAC,REAC,REAC,REAC,REAC,REAC,REAC,REAC,REAC,REAC,REAC,REAC","GALNT13,GALNT14,ADAMTS9,GALNT10,ADAMTS2,ADAMTS12,THBS2,THSD7A,ST3GAL1,ADAMTSL2,ADAMTSL1,ST3GAL4,SPON1,GALNT16,ADAMTS17,THSD4,LARGE"
300_500k,True,0.000584228655454741,38,461,12,0.0260303687635575,0.315789473684211,WP:WP170,WP,Nuclear Receptors,6954,358,WP:000000,"WP,WP,WP,WP,WP,WP,WP,WP,WP,WP,WP,WP","RXRG,NR5A2,ROR1,PPARG,THRB,RARB,NR3C1,ESR1,NR5A1,ESRRB,RORA,PPARA"
500_1m,True,0.00425681755249511,1867,1576,374,0.23730964467005106,0.20032137118371696,HPA:007020_22,HPA,"cerebellum; cells in granular layer[Approved,Medium]",9494,223,HPA:007020_21,"HPA,HPA,HPA,HPA,HPA,HPA,HPA,HPA,HPA,HPA,HPA,HPA,HPA,HPA,HPA,HPA,HPA,HPA,HPA,HPA,HPA,HPA,HPA,HPA,HPA,HPA,HPA,HPA,HPA,HPA,HPA,HPA,HPA,HPA,HPA,HPA,HPA,HPA,HPA,HPA,HPA,HPA,HPA,HPA,HPA,HPA,HPA,HPA,HPA,HPA,HPA,HPA,HPA,HPA,HPA,HPA,HPA,HPA,HPA,HPA,HPA,HPA,HPA,HPA,HPA,HPA,HPA,HPA,HPA,HPA,HPA,HPA,HPA,HPA,HPA,HPA,HPA,HPA,HPA,HPA,HPA,HPA,HPA,HPA,HPA,HPA,HPA,HPA,HPA,HPA,HPA,HPA,HPA,HPA,HPA,HPA,HPA,HPA,HPA,HPA,HPA,HPA,HPA,HPA,HPA,HPA,HPA,HPA,HPA,HPA,HPA,HPA,HPA,HPA,HPA,HPA,HPA,HPA,HPA,HPA,HPA,HPA,HPA,HPA,HPA,HPA,HPA,HPA,HPA,HPA,HPA,HPA,HPA,HPA,HPA,HPA,HPA,HPA,HPA,HPA,HPA,HPA,HPA,HPA,HPA,HPA,HPA,HPA,HPA,HPA,HPA,HPA,HPA,HPA,HPA,HPA,HPA,HPA,HPA,HPA,HPA,HPA,HPA,HPA,HPA,HPA,HPA,HPA,HPA,HPA,HPA,HPA,HPA,HPA,HPA,HPA,HPA,HPA,HPA,HPA,HPA,HPA,HPA,HPA,HPA,HPA,HPA,HPA,HPA,HPA,HPA,HPA,HPA,HPA,HPA,HPA,HPA,HPA,HPA,HPA,HPA,HPA,HPA,HPA,HPA,HPA,HPA,HPA,HPA,HPA,HPA,HPA,HPA,HPA,HPA,HPA,HPA,HPA,HPA,HPA,HPA,HPA,HPA,HPA,HPA,HPA,HPA,HPA,HPA,HPA,HPA,HPA,HPA,HPA,HPA,HPA,HPA,HPA,HPA,HPA,HPA,HPA,HPA,HPA,HPA,HPA,HPA,HPA,HPA,HPA,HPA,HPA,HPA,HPA,HPA,HPA,HPA,HPA,HPA,HPA,HPA,HPA,HPA,HPA,HPA,HPA,HPA,HPA,HPA,HPA,HPA,HPA,HPA,HPA,HPA,HPA,HPA,HPA,HPA,HPA,HPA,HPA,HPA,HPA,HPA,HPA,HPA,HPA,HPA,HPA,HPA,HPA,HPA,HPA,HPA,HPA,HPA,HPA,HPA,HPA,HPA,HPA,HPA,HPA,HPA,HPA,HPA,HPA,HPA,HPA,HPA,HPA,HPA,HPA,HPA,HPA,HPA,HPA,HPA,HPA,HPA,HPA,HPA,HPA,HPA,HPA,HPA,HPA,HPA,HPA,HPA,HPA,HPA,HPA,HPA,HPA,HPA,HPA,HPA,HPA,HPA,HPA,HPA,HPA,HPA,HPA,HPA,HPA,HPA,HPA,HPA,HPA,HPA,HPA,HPA,HPA,HPA,HPA,HPA,HPA,HPA,HPA,HPA,HPA,HPA,HPA,HPA,HPA,HPA,HPA,HPA,HPA,HPA,HPA","AMIGO1,KCND3,KAZN,UBQLN4,CCT3,ATP1A2,DCAF8,TNFSF4,STX6,COLGALT2,EDEM3,IGSF21,UCHL5,CNTN2,RAB3GAP2,EFCAB2,CNST,LDLRAP1,ZDHHC18,OPRD1,SMIM12,PPIE,ELOVL1,FAAH,TRABD2B,AGBL4,PRKACB,LMO4,FNBP1L,CLSTN1,EDAR,SH3RF3,MERTK,GLI2,MGAT5,NBAS,ACVR1C,FIGN,FAM49A,CERS6,UBR3,OLA1,KCNS3,PDE1A,PUM2,TNS1,PNKD,STK36,WDFY1,KLHL29,HDAC4,DNMT3A,OTOF,SLC4A1AP,HNRNPLL,PPP1R21,SLC1A4,TRABD2A,ASAP2,ADAM17,SPICE1,HSPBAP1,CHCHD6,PIK3R4,TOPBP1,ARMC8,NR2C2,IQCJ-SCHIP1,FXR1,CMC1,AZI2,QRICH1,IL17RD,LRIG1,PDZRN3,ROBO2,EMCN,ETNPPL,SEC24D,PCDH10,RAB28,BOD1L1,MAML3,CEP44,DCTD,RNF4,FAM193A,RELL1,APBB2,WFS1,PPP2R2C,KIAA0232,HELQ,PTPN13,FER,CAMK4,SEMA6A,HINT1,LYRM7,PAIP2,PCDHB4,PCDHB5,PPP2R2B,HTR4,HAND1,WWC1,FBXW11,SH3PXD2B,GRK6,FLT4,OSMR,PDE4D,RGS7BP,PIK3R1,ADCY2,TBCA,EDIL3,CETN3,FAM172A,FAM174A,GRIK2,GCNT2,MICAL1,CDK19,RWDD1,HIVEP1,RSPO3,SLC18B1,SGK1,MAP3K5,CCDC28A,PHACTR2,STX11,UST,GINM1,PLEKHG1,MTHFD1L,SYNE1,IPCEF1,CNKSR3,TIAM2,ARID1B,SNX9,ATXN1,RPS6KA2,SLC22A23,UBR2,TBCC,TNFRSF21,TRAM2,RREB1,SNRNP48,FBXL4,FIS1,CUX1,HBP1,IMMP2L,TMEM168,KCND2,NRF1,UBE2H,MKLN1,CNOT4,ZC3HAV1,BRAF,TPK1,AGAP3,RBM33,MALSU1,IGF2BP3,DFNA5,IQCE,SDK1,GLI3,HECW1,COA1,TNS3,PRKAR1B,MAGI2,GNAI1,HGF,SAMD9,SLC25A13,NCALD,FAM167A,TBC1D31,FAM49B,NDRG1,TOP1MT,PHYHIP,BAG4,HOOK3,MRPS28,INTS8,EPB41L4B,PTPN3,TNFSF15,CDK5RAP2,LHX6,EXOSC2,RALGDS,SARDH,EDF1,GRIN1,ZDHHC21,LINGO2,NFX1,KANK1,TMEM2,DAPK1,FANCC,LDB1,SH3PXD2A,SORCS1,AFAP1L2,ABLIM1,FAM171A1,PLXDC2,KIAA1217,ARHGAP21,ANKRD26,SVIL,PARD3,ANK3,RHOBTB1,SLC29A3,ASCC1,ITIH5,ZCCHC24,EXOC6,CNTN5,DYNC2H1,ZC3H12C,ALG9,SDHD,GALNT18,HTR3B,SC5D,UBASH3B,MICAL2,GRAMD1B,UEVLD,NELL1,OSBPL5,LMO2,LDLRAD3,LRRC4C,PRDM11,APBB1,DEAF1,DCHS1,SHANK2,ATG16L2,EIF3F,RIC3,PRCP,RIC8B,SDSL,KSR2,TAOK3,SUDS3,HSPB8,P2RX7,CAMKK2,MLXIP,ABCB9,NCOR2,BRI3BP,AACS,SFSWAP,ERC1,EPS8,DCP1B,GALNT8,CALCOCO1,WIF1,CCDC59,TUBGCP3,GRTP1,ZDHHC20,TBC1D4,GPC6,WDR25,SALL2,PSMC6,PRKCH,ACTN1,SIPA1L1,FOXN3,RPS6KA5,ITPK1,MEF2A,ATP8B4,FAM214A,ALDH1A2,RORA,SPG21,SV2B,ARRDC4,CLEC16A,XYLT1,POLR3E,PRKCB,GSG1L,DNAJA3,ITFG1,COG4,WDR59,CDYL2,GAN,SLC7A5,CBFA2T3,ANKRD11,PEMT,SMG6,PHF12,RAP1GAP2,MYO19,ATP2A3,LSM12,FAM117A,MSI2,CUEDC1,BCAS3,CDC42EP4,KIAA0195,RPTOR,CSNK1D,NTN1,STX8,LDLRAD4,MIB1,CELF4,C18orf25,CCDC102B,TSHZ1,RAB12,RAB31,VAPA,KEAP1,SBNO2,RFX1,CRTC1,TLE2,TSHZ3,CIC,IGLON5,PPP1R12C,SLX4IP,KIF16B,RIN2,LZTS3,SOGA1,PTPRT,TBC1D20,KCNG1,CDS2,NRIP1,USP25,SIM2,HLCS,DYRK1A,SLC37A1,SIK1,FAM207A,CECR2,BCR,CABIN1,SGSM1,KIAA1671,CARD10,TNRC6B,TCF20,ATXN10"
500_1m,True,0.000108653694982864,95,1262,35,0.0277337559429477,0.368421052631579,KEGG:04974,KEGG,Protein digestion and absorption,7747,379,KEGG:00000,"KEGG,KEGG,KEGG,KEGG,KEGG,KEGG,KEGG,KEGG,KEGG,KEGG,KEGG,KEGG,KEGG,KEGG,KEGG,KEGG,KEGG,KEGG,KEGG,KEGG,KEGG,KEGG,KEGG,KEGG,KEGG,KEGG,KEGG,KEGG,KEGG,KEGG,KEGG,KEGG,KEGG,KEGG,KEGG","CELA2B,ATP1A2,COL9A2,COL24A1,DPP4,COL4A4,COL4A3,COL6A3,SLC8A1,MME,SLC6A19,SLC16A10,KCNK5,COL21A1,COL12A1,COL28A1,COL14A1,COL22A1,COL27A1,COL5A1,SLC1A1,COL13A1,KCNQ1,PRCP,COL2A1,COL4A1,COL4A2,SLC15A1,SLC7A7,SLC7A8,ATP1B2,SLC7A9,ATP1A3,COL18A1,COL6A1"
500_1m,True,0.00047127640052859805,40,1262,19,0.0150554675118859,0.475,KEGG:05033,KEGG,Nicotine addiction,7747,394,KEGG:00000,"KEGG,KEGG,KEGG,KEGG,KEGG,KEGG,KEGG,KEGG,KEGG,KEGG,KEGG,KEGG,KEGG,KEGG,KEGG,KEGG,KEGG,KEGG,KEGG","CHRNB2,GABRD,GABRG1,GABRA2,GABRA4,GABRB1,GRIA1,GABRR1,GABRR2,GRIN1,CACNA1B,SLC17A6,SLC17A8,GRIN2B,GABRB3,GABRG3,GRIN2A,CACNA1A,CHRNA4"
500_1m,True,0.000960216628249525,71,1262,27,0.0213946117274168,0.38028169014084495,KEGG:04520,KEGG,Adherens junction,7747,293,KEGG:00000,"KEGG,KEGG,KEGG,KEGG,KEGG,KEGG,KEGG,KEGG,KEGG,KEGG,KEGG,KEGG,KEGG,KEGG,KEGG,KEGG,KEGG,KEGG,KEGG,KEGG,KEGG,KEGG,KEGG,KEGG,KEGG,KEGG,KEGG","CTNNA2,TCF7L1,TGFBR2,LEF1,FER,CTNNA1,FYN,MET,EGFR,FGFR1,TCF7L2,PARD3,CTNNA3,VCL,SORBS1,PTPRJ,PTPRB,ACTN1,TJP1,IGF1R,CREBBP,NLK,ERBB2,BAIAP2,PTPRM,CSNK2A1,RAC2"
500_1m,True,0.00466387648432202,132,1262,40,0.0316957210776545,0.303030303030303,KEGG:04728,KEGG,Dopaminergic synapse,7747,334,KEGG:00000,"KEGG,KEGG,KEGG,KEGG,KEGG,KEGG,KEGG,KEGG,KEGG,KEGG,KEGG,KEGG,KEGG,KEGG,KEGG,KEGG,KEGG,KEGG,KEGG,KEGG,KEGG,KEGG,KEGG,KEGG,KEGG,KEGG,KEGG,KEGG,KEGG,KEGG,KEGG,KEGG,KEGG,KEGG,KEGG,KEGG,KEGG,KEGG,KEGG,KEGG","GNB1,GNG4,PRKACB,KIF5C,ITPR1,CACNA1D,CAMK2D,PPP2R2C,MAPK10,SLC6A3,PPP2R2B,CAMK2A,GRIA1,DRD1,CREB3L2,CREB5,GNAI1,GNGT1,CACNA1B,SLC18A2,KIF5B,MAPK8,CALML5,CAMK2G,PPP2R1B,DRD2,KCNJ5,ARRB1,GRIN2B,CACNA1C,GNG2,FOS,GRIN2A,PRKCB,GNAL,CACNA1A,GNG7,PLCB1,PLCB4,KCNJ6"
500_1m,True,0.00612400972104855,90,1262,30,0.0237717908082409,0.33333333333333304,KEGG:05410,KEGG,Hypertrophic cardiomyopathy (HCM),7747,459,KEGG:00000,"KEGG,KEGG,KEGG,KEGG,KEGG,KEGG,KEGG,KEGG,KEGG,KEGG,KEGG,KEGG,KEGG,KEGG,KEGG,KEGG,KEGG,KEGG,KEGG,KEGG,KEGG,KEGG,KEGG,KEGG,KEGG,KEGG,KEGG,KEGG,KEGG,KEGG","CACNA1S,TNNT2,TGFB2,RYR2,ITGA4,SLC8A1,CACNA2D2,CACNA1D,CACNA2D3,SGCD,ITGA1,ITGA2,LAMA2,PRKAG2,CACNA2D1,ITGA8,CACNB2,MYL2,PRKAB1,CACNA1C,ITGA11,CACNG3,ATP2A3,ITGA3,ACE,CACNG5,ITGB4,LAMA1,CACNG7,CACNG2"
500_1m,True,0.007323800869027159,95,1262,31,0.0245641838351822,0.32631578947368395,KEGG:05414,KEGG,Dilated cardiomyopathy (DCM),7747,461,KEGG:00000,"KEGG,KEGG,KEGG,KEGG,KEGG,KEGG,KEGG,KEGG,KEGG,KEGG,KEGG,KEGG,KEGG,KEGG,KEGG,KEGG,KEGG,KEGG,KEGG,KEGG,KEGG,KEGG,KEGG,KEGG,KEGG,KEGG,KEGG,KEGG,KEGG,KEGG,KEGG","CACNA1S,TNNT2,TGFB2,RYR2,PRKACB,ITGA4,SLC8A1,CACNA2D2,CACNA1D,CACNA2D3,SGCD,ITGA1,ITGA2,ADCY2,LAMA2,ADCY1,CACNA2D1,ITGA8,CACNB2,MYL2,CACNA1C,ITGA11,CACNG3,ADCY9,ATP2A3,ITGA3,CACNG5,ITGB4,LAMA1,CACNG7,CACNG2"
500_1m,True,0.00899389244054518,210,1262,56,0.0443740095087163,0.266666666666667,KEGG:04015,KEGG,Rap1 signaling pathway,7747,226,KEGG:00000,"KEGG,KEGG,KEGG,KEGG,KEGG,KEGG,KEGG,KEGG,KEGG,KEGG,KEGG,KEGG,KEGG,KEGG,KEGG,KEGG,KEGG,KEGG,KEGG,KEGG,KEGG,KEGG,KEGG,KEGG,KEGG,KEGG,KEGG,KEGG,KEGG,KEGG,KEGG,KEGG,KEGG,KEGG,KEGG,KEGG,KEGG,KEGG,KEGG,KEGG,KEGG,KEGG,KEGG,KEGG,KEGG,KEGG,KEGG,KEGG,KEGG,KEGG,KEGG,KEGG,KEGG,KEGG,KEGG,KEGG","PRKCZ,RAP1GAP,ENAH,PIK3CD,RAPGEF4,MAGI1,KIT,FGF5,EFNA5,CSF1R,FLT4,PIK3R1,ADCY2,VEGFA,DOCK4,MET,BRAF,RAPGEF5,ADCY1,EGFR,MAGI2,GNAI1,HGF,FGF20,FGFR1,RAPGEF1,RALGDS,VAV2,GRIN1,TEK,FGFR2,PARD3,CALML5,PLCE1,DRD2,GRIN2B,RAP1B,KITLG,PRKD1,SIPA1L1,TLN2,IGF1R,GRIN2A,PRKCB,ITGAM,ADCY9,BCAR1,MAP2K6,SIPA1L3,RRAS,VAV1,PLCB1,PLCB4,TIAM1,RAC2,PDGFB"
500_1m,True,0.00980849401489455,136,1262,40,0.0316957210776545,0.294117647058824,KEGG:04371,KEGG,Apelin signaling pathway,7747,285,KEGG:00000,"KEGG,KEGG,KEGG,KEGG,KEGG,KEGG,KEGG,KEGG,KEGG,KEGG,KEGG,KEGG,KEGG,KEGG,KEGG,KEGG,KEGG,KEGG,KEGG,KEGG,KEGG,KEGG,KEGG,KEGG,KEGG,KEGG,KEGG,KEGG,KEGG,KEGG,KEGG,KEGG,KEGG,KEGG,KEGG,KEGG,KEGG,KEGG,KEGG,KEGG","ADCY10,GNB1,GNG4,RYR2,SLC9A1,PRKACB,HDAC4,SLC8A1,PRKCE,MYLK,PIK3R4,AGTR1,ITPR1,UCP1,CAMK4,ADCY2,MYLK4,NRF1,PRKAG2,ADCY1,GNAI1,GNGT1,CALML5,PDE3B,MYL2,NOS1,PRKAB1,GNG2,MEF2A,RYR3,PLIN1,ADCY9,NOS2,PIK3R5,PIK3C3,GNG7,RRAS,JAG1,PLCB1,PLCB4"
500_1m,True,0.0101753505629884,294,1262,73,0.0578446909667195,0.24829931972789104,KEGG:04010,KEGG,MAPK signaling pathway,7747,221,KEGG:00000,"KEGG,KEGG,KEGG,KEGG,KEGG,KEGG,KEGG,KEGG,KEGG,KEGG,KEGG,KEGG,KEGG,KEGG,KEGG,KEGG,KEGG,KEGG,KEGG,KEGG,KEGG,KEGG,KEGG,KEGG,KEGG,KEGG,KEGG,KEGG,KEGG,KEGG,KEGG,KEGG,KEGG,KEGG,KEGG,KEGG,KEGG,KEGG,KEGG,KEGG,KEGG,KEGG,KEGG,KEGG,KEGG,KEGG,KEGG,KEGG,KEGG,KEGG,KEGG,KEGG,KEGG,KEGG,KEGG,KEGG,KEGG,KEGG,KEGG,KEGG,KEGG,KEGG,KEGG,KEGG,KEGG,KEGG,KEGG,KEGG,KEGG,KEGG,KEGG,KEGG,KEGG","CACNA1E,CACNA1S,TGFB2,JUN,PRKACB,ERBB4,TGFA,MECOM,MAP3K13,TGFBR2,CACNA2D2,CACNA1D,CACNA2D3,FLNB,NFKB1,KIT,FGF5,MAPK10,EFNA5,CSF1R,FLT4,RASGRF2,RASA1,MAP3K5,MAP3K4,RPS6KA2,VEGFA,MET,BRAF,EGFR,HGF,CACNA2D1,FGF20,DUSP4,FGFR1,STK3,CACNA1B,TEK,NTRK2,FGFR2,CACNB2,MAP3K8,MAPK8,PTPN5,ARRB1,TAOK3,CACNA1C,NTF3,RAP1B,PTPRR,KITLG,FOS,RPS6KA5,PLA2G4D,IGF1R,CACNA1H,PRKCB,CACNG3,NFATC3,MAP2K4,NLK,ERBB2,DUSP3,MAP3K14,CACNG5,MAP2K6,CACNA1A,RRAS,CACNG7,CACNG2,RAC2,PDGFB,CACNA1I"
500_1m,True,0.0117341769187278,76,1262,26,0.0206022187004754,0.34210526315789497,KEGG:04971,KEGG,Gastric acid secretion,7747,376,KEGG:00000,"KEGG,KEGG,KEGG,KEGG,KEGG,KEGG,KEGG,KEGG,KEGG,KEGG,KEGG,KEGG,KEGG,KEGG,KEGG,KEGG,KEGG,KEGG,KEGG,KEGG,KEGG,KEGG,KEGG,KEGG,KEGG,KEGG","ATP1A2,CHRM3,SLC9A1,PRKACB,MYLK,ITPR1,CAMK2D,CAMK2A,HRH2,ADCY2,MYLK4,CFTR,ADCY1,GNAI1,SLC26A7,CALML5,CAMK2G,KCNQ1,KCNK10,PRKCB,ADCY9,ATP1B2,ATP1A3,PLCB1,PLCB4,KCNJ15"
500_1m,True,0.0141241162510076,98,1262,31,0.0245641838351822,0.31632653061224497,KEGG:04925,KEGG,Aldosterone synthesis and secretion,7747,357,KEGG:00000,"KEGG,KEGG,KEGG,KEGG,KEGG,KEGG,KEGG,KEGG,KEGG,KEGG,KEGG,KEGG,KEGG,KEGG,KEGG,KEGG,KEGG,KEGG,KEGG,KEGG,KEGG,KEGG,KEGG,KEGG,KEGG,KEGG,KEGG,KEGG,KEGG,KEGG,KEGG","ATP1A2,CACNA1S,ATP2B4,PRKACB,PRKCE,ATP2B2,AGTR1,ITPR1,CACNA1D,CAMK2D,CAMK4,CAMK2A,ADCY2,CREB3L2,CREB5,ADCY1,KCNK9,CAMK1D,CALML5,CAMK2G,KCNJ5,CACNA1C,PRKD1,CACNA1H,PRKCB,ADCY9,ATP1B2,ATP1A3,PLCB1,PLCB4,CACNA1I"
500_1m,True,0.014504185413803003,45,1262,18,0.0142630744849445,0.4,KEGG:02010,KEGG,ABC transporters,7747,194,KEGG:00000,"KEGG,KEGG,KEGG,KEGG,KEGG,KEGG,KEGG,KEGG,KEGG,KEGG,KEGG,KEGG,KEGG,KEGG,KEGG,KEGG,KEGG,KEGG","ABCB10,ABCA4,ABCA12,ABCG5,ABCG8,ABCG2,CFTR,ABCB5,ABCA13,ABCB4,ABCA1,ABCA2,ABCB9,ABCC4,ABCC1,ABCC12,ABCC11,ABCA8"
500_1m,True,0.0150461622802727,353,1262,84,0.0665610142630745,0.23796033994334306,KEGG:04151,KEGG,PI3K-Akt signaling pathway,7747,262,KEGG:00000,"KEGG,KEGG,KEGG,KEGG,KEGG,KEGG,KEGG,KEGG,KEGG,KEGG,KEGG,KEGG,KEGG,KEGG,KEGG,KEGG,KEGG,KEGG,KEGG,KEGG,KEGG,KEGG,KEGG,KEGG,KEGG,KEGG,KEGG,KEGG,KEGG,KEGG,KEGG,KEGG,KEGG,KEGG,KEGG,KEGG,KEGG,KEGG,KEGG,KEGG,KEGG,KEGG,KEGG,KEGG,KEGG,KEGG,KEGG,KEGG,KEGG,KEGG,KEGG,KEGG,KEGG,KEGG,KEGG,KEGG,KEGG,KEGG,KEGG,KEGG,KEGG,KEGG,KEGG,KEGG,KEGG,KEGG,KEGG,KEGG,KEGG,KEGG,KEGG,KEGG,KEGG,KEGG,KEGG,KEGG,KEGG,KEGG,KEGG,KEGG,KEGG,KEGG,KEGG,KEGG","IL6R,GNB1,TNR,GNG4,COL9A2,JAK1,PKN2,PIK3CD,ITGA4,ERBB4,IRS1,COL4A4,COL4A3,COL6A3,TGFA,YWHAQ,MAGI1,NFKB1,KIT,PPP2R2C,FGF5,EFNA5,PPP2R2B,CSF1R,FLT4,PRLR,OSMR,ITGA1,ITGA2,PIK3R1,FOXO3,LAMA2,SGK1,VEGFA,RELN,LAMB1,LAMB4,MET,CREB3L2,CREB5,EGFR,MAGI2,HGF,CDK6,GNGT1,PTK2,FGF20,EIF4EBP1,FGFR1,TEK,NTRK2,FGFR2,ITGA8,PTEN,PPP2R1B,HSP90B1,CCND2,COL2A1,NTF3,VWF,KITLG,COL4A1,COL4A2,GNG2,ITGA11,IGF1R,TSC2,PDPK1,RBL2,ERBB2,ITGA3,ITGB4,RPTOR,PIK3R5,PHLPP1,BCL2,LAMA1,JAK3,GNG7,SGK2,LAMA5,COL6A1,IL2RB,PDGFB"
500_1m,True,0.0213964819124138,231,1262,59,0.0467511885895404,0.255411255411255,KEGG:04014,KEGG,Ras signaling pathway,7747,225,KEGG:00000,"KEGG,KEGG,KEGG,KEGG,KEGG,KEGG,KEGG,KEGG,KEGG,KEGG,KEGG,KEGG,KEGG,KEGG,KEGG,KEGG,KEGG,KEGG,KEGG,KEGG,KEGG,KEGG,KEGG,KEGG,KEGG,KEGG,KEGG,KEGG,KEGG,KEGG,KEGG,KEGG,KEGG,KEGG,KEGG,KEGG,KEGG,KEGG,KEGG,KEGG,KEGG,KEGG,KEGG,KEGG,KEGG,KEGG,KEGG,KEGG,KEGG,KEGG,KEGG,KEGG,KEGG,KEGG,KEGG,KEGG,KEGG,KEGG,KEGG","GNB1,PLA2G2A,GNG4,PRKACB,PIK3CD,TGFA,PLD1,NFKB1,KIT,FGF5,MAPK10,EFNA5,CSF1R,FLT4,PIK3R1,RASGRF2,RASA1,VEGFA,MET,RAPGEF5,EGFR,HGF,GNGT1,FGF20,FGFR1,ABL1,RALGDS,GRIN1,TEK,NTRK2,SHC3,SHOC2,FGFR2,MAPK8,CALML5,HTR7,PLCE1,BRAP,KSR2,PLA2G1B,GRIN2B,NTF3,RAP1B,KITLG,GNG2,PLA2G4D,IGF1R,GRIN2A,PRKCB,PLCG2,KSR1,PLD2,GNG7,RRAS,TIAM1,ETS2,RAC2,PLA2G6,PDGFB"
500_1m,True,0.023968057795759,132,1262,38,0.0301109350237718,0.287878787878788,KEGG:05017,KEGG,Spinocerebellar ataxia,7747,389,KEGG:00000,"KEGG,KEGG,KEGG,KEGG,KEGG,KEGG,KEGG,KEGG,KEGG,KEGG,KEGG,KEGG,KEGG,KEGG,KEGG,KEGG,KEGG,KEGG,KEGG,KEGG,KEGG,KEGG,KEGG,KEGG,KEGG,KEGG,KEGG,KEGG,KEGG,KEGG,KEGG,KEGG,KEGG,KEGG,KEGG,KEGG,KEGG,KEGG","KCND3,DAB1,GTF2B,PIK3CD,PUM2,PSMD1,PIK3R4,ITPR1,RBPJ,MAPK10,GRIA1,PIK3R1,MAP3K5,ATXN1,RELN,RB1CC1,PSMB7,GRIN1,MAPK8,AMBRA1,ATG13,ATG2A,SPTBN2,GRIN2B,FGF14,PSMC6,RORA,GRIN2A,PRKCB,PSMD11,ATP2A3,PIK3C3,CACNA1A,CIC,RBPJL,PLCB1,PLCB4,ATXN10"
500_1m,True,0.0261307284400185,101,1262,31,0.0245641838351822,0.30693069306930704,KEGG:05146,KEGG,Amoebiasis,7747,411,KEGG:00000,"KEGG,KEGG,KEGG,KEGG,KEGG,KEGG,KEGG,KEGG,KEGG,KEGG,KEGG,KEGG,KEGG,KEGG,KEGG,KEGG,KEGG,KEGG,KEGG,KEGG,KEGG,KEGG,KEGG,KEGG,KEGG,KEGG,KEGG,KEGG,KEGG,KEGG,KEGG","CD1B,CD1E,TGFB2,PRKACB,PIK3CD,COL4A4,COL4A3,NFKB1,CXCL2,PIK3R1,LAMA2,LAMB1,LAMB4,ADCY1,PTK2,GNA14,VCL,MUC2,COL4A1,COL4A2,ACTN1,PRKCB,ITGAM,NOS2,GNAL,SERPINB13,SERPINB4,LAMA1,LAMA5,PLCB1,PLCB4"
500_1m,True,3.73386485767698e-05,59,1704,27,0.0158450704225352,0.457627118644068,REAC:R-HSA-375165,REAC,NCAM signaling for neurite out-growth,10588,1352,REAC:R-HSA-422475,"REAC,REAC,REAC,REAC,REAC,REAC,REAC,REAC,REAC,REAC,REAC,REAC,REAC,REAC,REAC,REAC,REAC,REAC,REAC,REAC,REAC,REAC,REAC,REAC,REAC,REAC,REAC","CACNA1S,CNTN2,COL9A2,COL4A4,COL4A3,COL6A3,SPTBN1,CACNA1D,GDNF,FYN,PTK2,GFRA2,COL5A1,CACNB2,NCAM1,SPTBN2,CACNA1C,COL2A1,COL4A1,COL4A2,SPTB,RPS6KA5,ST8SIA2,CACNA1H,NCAN,COL6A1,CACNA1I"
500_1m,True,0.00160951759428239,720,1704,161,0.0944835680751174,0.223611111111111,REAC:R-HSA-382551,REAC,Transport of small molecules,10588,2294,REAC:0000000,"REAC,REAC,REAC,REAC,REAC,REAC,REAC,REAC,REAC,REAC,REAC,REAC,REAC,REAC,REAC,REAC,REAC,REAC,REAC,REAC,REAC,REAC,REAC,REAC,REAC,REAC,REAC,REAC,REAC,REAC,REAC,REAC,REAC,REAC,REAC,REAC,REAC,REAC,REAC,REAC,REAC,REAC,REAC,REAC,REAC,REAC,REAC,REAC,REAC,REAC,REAC,REAC,REAC,REAC,REAC,REAC,REAC,REAC,REAC,REAC,REAC,REAC,REAC,REAC,REAC,REAC,REAC,REAC,REAC,REAC,REAC,REAC,REAC,REAC,REAC,REAC,REAC,REAC,REAC,REAC,REAC,REAC,REAC,REAC,REAC,REAC,REAC,REAC,REAC,REAC,REAC,REAC,REAC,REAC,REAC,REAC,REAC,REAC,REAC,REAC,REAC,REAC,REAC,REAC,REAC,REAC,REAC,REAC,REAC,REAC,REAC,REAC,REAC,REAC,REAC,REAC,REAC,REAC,REAC,REAC,REAC,REAC,REAC,REAC,REAC,REAC,REAC,REAC,REAC,REAC,REAC,REAC,REAC,REAC,REAC,REAC,REAC,REAC,REAC,REAC,REAC,REAC,REAC,REAC,REAC,REAC,REAC,REAC,REAC,REAC,REAC,REAC,REAC,REAC,REAC,REAC,REAC,REAC,REAC,REAC,REAC","SLC22A15,RHBG,ATP1A2,GNB1,ATP2B4,SLC26A9,ABCB10,GNG4,RYR2,LDLRAP1,SLC9A1,PRKACB,LRRC8B,ABCA4,SLC44A3,SLC9A2,SLC4A10,SLC40A1,UNC80,ABCA12,PSMD1,TRPM8,HDLBP,SLC8A1,ABCG5,ABCG8,SLC1A4,ADD2,ATP2B2,SLC6A11,ATP2C1,SLC9A9,SLC6A6,CP,SLC33A1,ATP11B,ATP13A4,ANO10,PRKAR2A,MTTP,SLC39A8,SLC9B1,SLC9B2,CAMK2D,LETM1,SLC34A2,ADD1,SLC4A4,ABCG2,SLC12A7,SLC6A19,TRPC7,SLC6A3,ANKH,CAMK2A,ATP10B,ADCY2,SLC16A10,TRDN,SLC2A12,SGK1,ABCF1,SLC26A4,SLC26A3,CFTR,CUL1,ABCB5,AQP1,ADCY1,PRKAR1B,ABCB4,GNGT1,SLC30A8,LPL,ATP6V1B2,SLC39A14,SLC20A2,SLC26A7,NIPAL2,ABCA1,PSMB7,ABCA2,SLC24A2,ACO1,CLTA,SLC1A1,TRPM3,PCSK5,SLC18A2,CUBN,SLC29A3,CAMK2G,TRPC6,SLC6A5,SLC17A6,TRPM5,ANO3,SLC22A18,SLC22A6,SLC17A8,ANO4,TRPV4,ABCB9,SLCO1B1,ASIC1,ANO2,SCNN1A,SLC6A15,NALCN,ATP11A,ATP8A2,ABCC4,SLC15A1,SLC7A7,SLC7A8,SLC22A17,GNG2,PSMC6,SEL1L,SLC24A4,UNC79,PCSK6,RYR3,SLC12A1,ATP8B4,LIPC,LMF1,ABCC1,SCNN1B,AQP8,ADCY9,ABCC11,SLC12A3,CETP,SLC12A4,ATP2C2,SLC7A5,SLC43A2,PSMD11,ASIC2,TRPV3,ATP2A3,CA4,ABCA8,TTYH2,ATP1B2,SLC14A2,MYO5B,NEDD4L,GNG7,SLC7A9,ATP1A3,AP2S1,TRPM4,SLC24A3,TRPC4AP,SGK2,SLC12A5,RUNX1,ZDHHC8,SLC5A1"
500_1m,True,0.00234397668984473,19,1704,12,0.007042253521126759,0.631578947368421,REAC:R-HSA-416700,REAC,Other semaphorin interactions,10588,1476,REAC:R-HSA-373755,"REAC,REAC,REAC,REAC,REAC,REAC,REAC,REAC,REAC,REAC,REAC,REAC","SEMA4A,PTPRC,PLXNA2,PLXNA1,PLXND1,SEMA6A,ITGA1,SEMA5A,PLXNA4,CD72,PLXNC1,SEMA6D"
500_1m,True,0.00516505923108142,140,1704,43,0.0252347417840376,0.307142857142857,REAC:R-HSA-194840,REAC,Rho GTPase cycle,10588,1860,REAC:R-HSA-194315,"REAC,REAC,REAC,REAC,REAC,REAC,REAC,REAC,REAC,REAC,REAC,REAC,REAC,REAC,REAC,REAC,REAC,REAC,REAC,REAC,REAC,REAC,REAC,REAC,REAC,REAC,REAC,REAC,REAC,REAC,REAC,REAC,REAC,REAC,REAC,REAC,REAC,REAC,REAC,REAC,REAC,REAC,REAC","ARHGEF11,ARHGEF10L,PLEKHG5,ARHGAP29,ARHGAP25,ARHGAP31,KALRN,ARHGEF3,SRGAP3,ARHGEF38,ARHGAP10,ARHGAP24,TRIO,ARHGAP26,RASGRF2,ARHGAP18,TIAM2,FGD2,ARHGEF10,VAV2,ARHGAP21,ARHGAP22,NET1,RHOBTB1,ARHGAP42,ARHGAP20,ARAP1,ARHGDIB,SRGAP1,MCF2L,ARHGEF40,ARHGAP5,ABR,RHOT1,ARHGAP27,MYO9B,GMIP,ARHGAP35,VAV1,PREX1,TIAM1,BCR,RAC2"
500_1m,True,0.00798955844543215,30,1704,15,0.00880281690140845,0.5,REAC:R-HSA-3000157,REAC,Laminin interactions,10588,1172,REAC:R-HSA-1474244,"REAC,REAC,REAC,REAC,REAC,REAC,REAC,REAC,REAC,REAC,REAC,REAC,REAC,REAC,REAC","HSPG2,NID1,COL4A4,COL4A3,ITGA1,ITGA2,LAMA2,LAMB1,COL4A1,COL4A2,ITGA3,ITGB4,LAMA1,LAMA5,COL18A1"
500_1m,True,0.0122516517376741,56,1704,22,0.0129107981220657,0.3928571428571429,REAC:R-HSA-6794361,REAC,Neurexins and neuroligins,10588,1417,REAC:R-HSA-6794362,"REAC,REAC,REAC,REAC,REAC,REAC,REAC,REAC,REAC,REAC,REAC,REAC,REAC,REAC,REAC,REAC,REAC,REAC,REAC,REAC,REAC,REAC","SYT2,EPB41L5,NRXN1,LRRTM4,NLGN1,PDLIM5,DLGAP2,GRIN1,SYT7,SYT12,SHANK2,SYT9,DLG2,GRIN2B,SYT1,SIPA1L1,NRXN3,APBA2,GRIN2A,DLGAP1,EPB41L1,DLGAP4"
500_1m,True,0.0122516517376741,56,1704,22,0.0129107981220657,0.3928571428571429,REAC:R-HSA-977443,REAC,GABA receptor activation,10588,902,REAC:R-HSA-112314,"REAC,REAC,REAC,REAC,REAC,REAC,REAC,REAC,REAC,REAC,REAC,REAC,REAC,REAC,REAC,REAC,REAC,REAC,REAC,REAC,REAC,REAC","GNB1,GNG4,GABRA2,GABRA4,GABRB1,ADCY2,GABBR1,GABRR1,GABRR2,ADCY1,GNAI1,GNGT1,GABBR2,KCNJ5,GNG2,GABRB3,GABRG3,ADCY9,GNAL,GNG7,KCNJ6,KCNJ15"
500_1m,True,0.0125673907746484,105,1704,34,0.0199530516431925,0.323809523809524,REAC:R-HSA-425393,REAC,Transport of inorganic cations/anions and amino acids/oligopeptides,10588,2290,REAC:R-HSA-425407,"REAC,REAC,REAC,REAC,REAC,REAC,REAC,REAC,REAC,REAC,REAC,REAC,REAC,REAC,REAC,REAC,REAC,REAC,REAC,REAC,REAC,REAC,REAC,REAC,REAC,REAC,REAC,REAC,REAC,REAC,REAC,REAC,REAC,REAC","SLC26A9,SLC9A1,SLC9A2,SLC4A10,SLC8A1,SLC1A4,SLC9A9,SLC6A6,SLC34A2,SLC4A4,SLC12A7,SLC6A19,SLC16A10,SLC26A4,SLC26A3,SLC20A2,SLC26A7,SLC24A2,SLC1A1,SLC17A6,SLC17A8,SLC6A15,SLC15A1,SLC7A7,SLC7A8,SLC24A4,SLC12A1,SLC12A3,SLC12A4,SLC7A5,SLC43A2,SLC7A9,SLC24A3,SLC12A5"
500_1m,True,0.0154998463989076,119,1704,37,0.0217136150234742,0.310924369747899,REAC:R-HSA-373760,REAC,L1CAM interactions,10588,1164,REAC:R-HSA-422475,"REAC,REAC,REAC,REAC,REAC,REAC,REAC,REAC,REAC,REAC,REAC,REAC,REAC,REAC,REAC,REAC,REAC,REAC,REAC,REAC,REAC,REAC,REAC,REAC,REAC,REAC,REAC,REAC,REAC,REAC,REAC,REAC,REAC,REAC,REAC,REAC,REAC","DNM3,NFASC,CNTN2,SCN3A,NRP2,SPTBN1,CNTN6,GAP43,SCN10A,CHL1,ANK2,ITGA1,ITGA2,RPS6KA2,LAMB1,NRCAM,EGFR,KCNQ3,ANK1,VAV2,SH3GL2,CLTA,ANK3,NCAM1,SCN2B,SCN3B,SPTBN2,CNTN1,TUBA1C,SPTB,RPS6KA5,SCN4A,TUBB6,LAMA1,NCAN,AP2S1,CSNK2A1"
500_1m,True,0.0245197644067583,43,1704,18,0.0105633802816901,0.4186046511627911,REAC:R-HSA-1296072,REAC,Voltage gated Potassium channels,10588,2353,REAC:R-HSA-1296071,"REAC,REAC,REAC,REAC,REAC,REAC,REAC,REAC,REAC,REAC,REAC,REAC,REAC,REAC,REAC,REAC,REAC,REAC","KCNC4,KCNA2,KCND3,KCNAB2,KCNS3,KCNAB1,KCNH8,KCNQ5,KCND2,KCNQ3,KCNC1,KCNQ1,KCNA1,KCNA5,KCNH5,KCNS1,KCNB1,KCNG1"
500_1m,True,0.0313855496481401,40,1704,17,0.00997652582159624,0.425,REAC:R-HSA-8875878,REAC,MET promotes cell motility,10588,1229,REAC:R-HSA-6806834,"REAC,REAC,REAC,REAC,REAC,REAC,REAC,REAC,REAC,REAC,REAC,REAC,REAC,REAC,REAC,REAC,REAC","COL24A1,ITGA2,LAMA2,LAMB1,MET,TNS3,HGF,PTK2,COL27A1,RAPGEF1,COL5A1,COL2A1,RAP1B,TNS4,ITGA3,LAMA1,LAMA5"
500_1m,True,0.0357572943690802,9,1704,7,0.00410798122065728,0.7777777777777779,REAC:R-HSA-428542,REAC,Regulation of commissural axon pathfinding by SLIT and ROBO,10588,1792,REAC:R-HSA-376176,"REAC,REAC,REAC,REAC,REAC,REAC,REAC","ROBO2,ROBO1,SLIT2,SLIT3,NELL2,NTN1,DCC"
500_1m,True,0.0420731175924578,64,1704,23,0.0134976525821596,0.359375,REAC:R-HSA-373755,REAC,Semaphorin interactions,10588,1931,REAC:R-HSA-422475,"REAC,REAC,REAC,REAC,REAC,REAC,REAC,REAC,REAC,REAC,REAC,REAC,REAC,REAC,REAC,REAC,REAC,REAC,REAC,REAC,REAC,REAC,REAC","SEMA4A,ARHGEF11,PTPRC,PLXNA2,DPYSL5,PLXNA1,PLXND1,SEMA6A,DPYSL3,ITGA1,SEMA5A,FYN,MET,PLXNA4,SEMA3A,CD72,PLXNC1,SEMA6D,MYH11,ERBB2,ARHGAP35,RRAS,MYH14"
500_1m,True,0.00023162790276616202,137,1255,48,0.0382470119521912,0.35036496350365004,WP:WP2858,WP,Ectoderm Differentiation,6954,269,WP:000000,"WP,WP,WP,WP,WP,WP,WP,WP,WP,WP,WP,WP,WP,WP,WP,WP,WP,WP,WP,WP,WP,WP,WP,WP,WP,WP,WP,WP,WP,WP,WP,WP,WP,WP,WP,WP,WP,WP,WP,WP,WP,WP,WP,WP,WP,WP,WP,WP","CELSR2,ZBTB7B,PLXNA2,PGM1,GREB1,PAX3,CTNNA2,TCF7L1,BOC,NLGN1,ARHGAP10,LDB2,JAKMIP1,PTPN13,CTNND2,PLCXD3,FYN,AHI1,CAP2,PPARD,PODXL,PRKAG2,GLI3,RHPN1,CLVS1,ZFHX4,ROR2,SORCS1,FGFR2,BMPR1A,ZBTB16,GRAMD1B,PPFIBP2,WNT1,PTPRB,ANKS1B,TSC22D1,ABCC4,KCNK10,CCDC88C,RGMA,CDH8,NLK,JUP,BCAS3,TCF3,POU2F2,RRBP1"
500_1m,True,0.00218848011362601,119,1255,41,0.0326693227091633,0.34453781512605,WP:WP4541,WP,Hippo-Merlin Signaling Dysregulation,6954,538,WP:000000,"WP,WP,WP,WP,WP,WP,WP,WP,WP,WP,WP,WP,WP,WP,WP,WP,WP,WP,WP,WP,WP,WP,WP,WP,WP,WP,WP,WP,WP,WP,WP,WP,WP,WP,WP,WP,WP,WP,WP,WP,WP","PRKACB,ITGA4,VGLL4,PRKAR2A,KIT,CTNNA1,CSF1R,FLT4,CDH18,CDH12,CDH10,ITGA1,ITGA2,MET,EGFR,PRKAR1B,PTK2,FGFR1,STK3,TEK,NTRK2,FGFR2,ITGA8,TEAD1,TEAD4,ITGA11,IGF1R,ITGAM,CDH8,CDH11,CDH5,CDH16,CDH13,ITGA3,ITGB4,CDH2,CDH7,CDH19,CDH22,CDH4,PLCB4"
500_1m,True,0.0357906241228395,72,1255,26,0.0207171314741036,0.3611111111111111,WP:WP2572,WP,Primary Focal Segmental Glomerulosclerosis FSGS,6954,85,WP:000000,"WP,WP,WP,WP,WP,WP,WP,WP,WP,WP,WP,WP,WP,WP,WP,WP,WP,WP,WP,WP,WP,WP,WP,WP,WP,WP","COL4A4,COL4A3,YWHAQ,MME,FAT1,FYN,UTRN,PODXL,PTK2,PAX2,VCL,PLCE1,TRPC6,PARVA,KIRREL3,LRP5,PTPRO,WNT1,KRT8,MYO1E,ITGA3,ITGB4,CDH2,NPHS1,JAG1,LAMA5"
