0-300k,True,0.00165754666542957,68,1846,22,0.0119176598049837,0.323529411764706,GO:0099072,regulation of postsynaptic membrane neurotransmitter receptor levels,17916,22597,GO:0065008,"IBA IEA,IEA,IEA,IEA,IEA,IBA IEA,IEA,IEA,IEA,IBA,IEA,IEA,IEA,IEA,IBA IEA,IBA,IEA,IEA,IBA IEA,EXP IDA IMP,IBA,IBA","DNM3,PRKCZ,SNAP47,CLSTN1,DRD3,GRIP2,USP46,CPLX1,MAPK10,LRRC1,ADAM22,LGI1,DLG2,EFNB2,GPC6,GPHN,GSG1L,SHISA6,ARHGAP44,ITGB3,MX2,MX1"
0-300k,True,0.00178917873087087,706,1846,114,0.0617551462621885,0.161473087818697,GO:0048514,blood vessel morphogenesis,17916,15053,"c(""GO:0001568"", ""GO:0035239"")","IEA,IEA,IDA IBA IEA,ISS IEA,TAS IEA,IMP,IEA,IBA IEA,ISS IEA,NAS IEA,ISS IEA,IEA,IEA,IMP,IEA,IDA,IEA,ISS IEA,ISS IEA,IMP,IEP,IDA,ISS IEA,IMP,IEA,IDA,ISS IEA,IBA IEA,IMP,NAS,IEA,IEP,TAS,IEA,IMP ISS,ISS,IMP,IMP,IDA IGI,ISS,IEP,IEA,IDA,ISS IEA,IGI IEA,IMP,NAS,IMP,IDA IGI,IBA,ISS IEA,IMP IEA,ISS IEA,IEA,IDA IEA,ISS,IBA TAS IEA,IMP,IEA,ISS,IEA,IEA,IDA IMP ISS IBA IEA,ISS,ISS IEA,ISS IEA,IEA,ISS,IMP,ISS IEA,IEA,IEA,IEA,ISS,ISS IEA,IMP,IBA,IEA,IEA,ISS,IEA,IDA,IEA,IDA IBA IEA,IMP IEA,IMP ISS IBA IEA,IMP IGI,IMP IGI IEA,ISS IEA,IMP,NAS,IDA IMP ISS IEA,IMP,IMP,ISS IEA,IEA,IEA,ISS IEA,IEA,IDA IBA,TAS,ISS IEA,IEA,IMP IEA,IMP,IEA,ISS IEA,IMP,IMP ISS NAS IEA,IBA,IMP,IDA,IMP,ISS","VAV3,PRRX1,VASH2,PROX1,HSPG2,AGO1,COL8A2,ACVR1,LRP2,NRP2,NRXN1,TGFA,DYSF,MYLK,HEG1,EPHB1,WNT7A,CCR2,ADAMTS9,ROBO1,EMCN,EGF,ENPEP,GAB1,FBXW7,FGFBP1,HPGD,VEGFC,SLIT2,CXCL13,ARHGAP24,PKD2,SPINK5,SGCD,RASA1,SEMA5A,ADTRP,SASH1,SMOC2,SRPK2,NRCAM,THSD7A,HIPK2,SHH,MEOX2,HDAC9,GPNMB,AQP1,BMPER,RAMP3,SEMA3E,KRIT1,ASB4,ZFPM2,ANGPT1,GATA4,PTK2,LOXL2,FGFR1,SFRP1,EYA1,ABL1,TEK,SLC1A1,TMEM2,SYK,FGF8,FGFR2,ADAM12,ALOX5,ARHGAP22,ZMIZ1,PTEN,HHEX,PARVA,STIM1,AMOTL1,ARID2,MMP19,LRP1,PTPRB,DCN,ELK3,EFNB2,COL4A1,FLT1,STARD13,PRKD1,NRXN3,CHRNA7,SLC12A6,DLL4,RORA,PKM,CTSH,ANPEP,NPRL3,PRKCB,MMP2,CDH13,ITGB3,NOG,BCAS3,PIK3R6,ROCK1,TCF4,CCBE1,PTPRM,JAG1,ISM1,RIN2,PLCG1,PTGIS,RUNX1"
0-300k,True,0.00486417128270461,42,1846,16,0.008667388949079091,0.38095238095238093,GO:1903539,protein localization to postsynaptic membrane,17916,26767,"c(""GO:0062237"", ""GO:0072657"", ""GO:1990778"")","IEA,IEA,IEA,IBA IEA,IEA,IEA,IBA,IEA,IEA,IEA,IEA,IBA IEA,IBA,IEA,IEA,IBA IEA","PRKCZ,SNAP47,CLSTN1,GRIP2,CPLX1,MAPK10,LRRC1,ADAM22,LGI1,RAPSN,DLG2,GPC6,GPHN,GRIN2A,SHISA6,ARHGAP44"
0-300k,True,0.0012847712309362199,426,1919,74,0.0385617509119333,0.173708920187793,GO:0005874,microtubule,18856,522,"c(""GO:0015630"", ""GO:0099513"")","IEA,IDA,IEA,IDA IBA IEA,IEA,IBA IEA,NAS,ISS,IEA,IDA ISS TAS IEA,IBA,IBA,IDA,IEA,IBA,IEA,IEA,IDA,IEA,IEA,IDA TAS IEA,IBA IEA,IEA,IEA,IEA,IDA IBA IEA,IEA,IEA,IEA,IEA,IDA IEA,IEA,IDA,ISS IEA,IEA,IDA IEA,IDA IEA,IEA,IDA,IEA,IEA,IDA IEA,IEA,IEA,ISS,IDA IEA,IDA IEA,IEA,IEA,IMP,IDA IEA,IEA,IDA IEA,IEA,IDA IBA IEA,IBA IEA,IDA,IEA,IDA IEA,IEA,IEA,IEA,IEA,IMP,IDA,IBA IEA,ISS IEA,IDA,IEA,IDA IEA,IEA,IEA,ISS IEA,IMP","SPAG17,KIFAP3,DNM3,KIF14,DISC1,KIF26B,TRIM63,KCNAB2,TTLL7,CLASP1,NCKAP5,TTC30B,ZNF804A,MAP2,DCDC2C,RMDN2,SLC8A1,LRPPRC,EML6,DYSF,CLASP2,KIF15,DNAH1,JAKMIP1,SHROOM3,APC,DNAH5,CEP57L1,MAP7,DNAH8,DST,DNAH11,RADIL,CLIP2,DYNC1I1,SYBU,NDRG1,MTUS1,DPYSL2,RP1,STAU2,CDK5RAP2,NEK6,ODF2,SVIL,DYNC2H1,CLMP,DCDC1,STIM1,NAV3,TUBGCP3,CENPJ,MTUS2,EML1,DYNC1H1,KIF26A,MTA1,TTLL5,KNSTRN,INO80,HAUS2,DNAH3,DNAH9,GAS2L2,CDC27,KIF1C,BCAS3,SEPT9,TPGS2,KATNAL2,MAP1LC3A,TIAM1,SYNJ1,GAS2L1"
0-300k,True,0.00219649619184501,1248,1919,175,0.0911933298593017,0.140224358974359,GO:0015630,microtubule cytoskeleton,18856,856,GO:0005856,"IEA,IDA,IDA ISS IBA IEA,IBA IEA,IEA,IDA IBA IEA,IDA,IDA IEA,IEA,IDA IBA IEA,IBA IEA,NAS,IDA,IDA IEA,ISS,IDA,IEA,IDA,IEA,IDA,IEA,IEA,IDA ISS TAS IEA,IBA,IDA IEA,IBA,IEA,IDA,IDA IEA,TAS IEA,IDA,IDA IEA,IBA,IDA IEA,IEA,IDA,IEA,IBA,IDA,IDA IEA,IDA IBA IEA,ISS IBA IEA,IDA,IEA,IDA,IDA,IDA IMP TAS IEA,IBA TAS IEA,IDA,IDA IEA,IDA IBA NAS IEA,IDA,ISS IEA,IDA,IDA IBA IEA,IDA,ISS IEA,IDA IEA,IEA,IEA,IDA IEA,IDA,IDA IBA IEA,IDA IMP IBA IEA,IEA,IDA IBA TAS IEA,IBA IEA,IBA IEA,IDA IBA TAS IEA,IBA NAS IEA,IDA IEA,IDA IEA,IEA,IEA,IDA,IBA,IDA IBA NAS IEA,IBA IEA,IDA IEA,IEA,IDA,ISS TAS IEA,IDA IEA,IDA ISS IBA TAS IEA,IDA IEA,IDA IEA,IEA,IDA IEA,IDA IBA IEA,IDA,ISS IEA,IEA,IEA,IEA,IDA IEA,IEA,IDA IEA,IDA IEA,IDA,IDA,IDA,IDA IEA,IEA,IDA IBA IEA,IDA,ISS,IDA,IDA IBA IEA,IDA IEA,IEA,IDA IBA IEA,IDA,IDA IEA,IDA IEA,IEA,IDA,IDA IEA,IDA,IBA,IDA,IDA,ISS IEA,IDA IEA,IEA,IDA IBA,IMP,IDA IEA,IDA IBA NAS IEA,IDA IBA NAS IEA,IDA IEA,IDA ISS IBA TAS IEA,IDA IBA NAS IEA,IBA IEA,IDA,IDA IBA IEA,IDA,IDA IEA,IDA,IDA IEA,IBA,IDA IEA,IEA,IDA IEA,IDA IBA IEA,IBA NAS IEA,IDA,IDA,IBA IEA,IDA,IMP IEA,IDA,IBA,IDA,IBA IEA,ISS IEA,IDA IBA,IDA,IEA,IDA,IEA,IDA IEA,IDA IEA,IDA IBA IEA,IEA,IDA,IDA IEA,IDA,IEA,IEA,ISS IEA,IBA,IBA,IEA,IMP,IBA","SPAG17,ADCY10,KIFAP3,DNM3,PRKCZ,KIF14,SKI,DISC1,FMN2,SDCCAG8,KIF26B,TRIM63,EPB41,AGBL4,KCNAB2,KANK4,PDE4B,LRRC7,TTLL7,PRKACB,EVI5,TMEM201,CLASP1,NCKAP5,RIF1,TTC30B,CCDC141,ZNF804A,HECW2,MAP2,ITSN2,BIRC6,DCDC2C,RMDN2,SLC8A1,LRPPRC,EML6,EHBP1,SLC1A4,DYSF,ALMS1,IFT57,PIK3R4,TOPBP1,STAG1,TBL1XR1,CLASP2,KIF15,PRKAR2A,POC1A,DNAH1,ATXN7,RAB28,FNIP2,CEP44,HTT,EVC,CRMP1,JAKMIP1,SHROOM3,PKD2,FER,APC,DNAH5,NR3C1,DCTN4,PDE4D,CEP57L1,MAP7,DNAH8,PKHD1,DST,EYS,KMT2E,PODXL,MICALL2,MAD1L1,DNAH11,BBS9,VPS41,RADIL,CLIP2,CCDC146,DYNC1I1,SYBU,NDRG1,PTK2,MTUS1,ARHGEF10,DPYSL2,RP1,FAM110B,MCPH1,STAU2,CDK5RAP2,STRBP,NEK6,ODF2,SPTAN1,DBH,TEK,DCAF12,TACC2,C10orf90,ANKRD26,SVIL,SORBS1,DYNC2H1,CLMP,PKNOX2,BRSK2,PSMA1,PLEKHA7,DCDC1,STIM1,RAPSN,AGBL2,DPF2,TSGA10IP,CTSC,NUAK1,RILPL1,ERC1,LRMP,ESPL1,NAV3,CEP290,TUBGCP3,CENPJ,MTUS2,EML1,DYNC1H1,KIF26A,MTA1,KIAA0586,DAAM1,TTLL5,IFT43,CEP128,CCDC88C,KNSTRN,INO80,HAUS2,IFT140,DNAH3,ATP6V0D1,CHMP1A,DNAH9,RAP1GAP2,GAS2L2,CDC6,SMTNL2,CDC27,KIF1C,BCAS3,SEPT9,PIK3R5,ROCK1,KCTD1,TPGS2,KATNAL2,CCDC68,RTTN,MAP1LC3A,CTNNBL1,CDC25B,CDH26,APP,TIAM1,SYNJ1,MX2,MX1,TTC28,GAS2L1,SMTN"
0-300k,True,0.0127000107164736,41,1919,14,0.007295466388744141,0.34146341463414603,GO:0009925,basal plasma membrane,18856,806,"c(""GO:0016323"", ""GO:0045178"", ""GO:0098590"")","IDA,IEA,IBA,IDA,IDA,NAS,IDA,IEA,IDA,IDA,IDA,ISS IEA,IDA,ISS","CHRM3,KCNQ4,ERBB4,TF,PKD2,DST,AQP1,CLDN4,TEK,ANK3,ABCC1,SLC7A5,MYO1C,SLC1A5"
0-300k,True,8.76584279525106e-05,345,1889,68,0.0359978824775013,0.197101449275362,GO:0015631,tubulin binding,18134,3384,GO:0008092,"TAS IEA,IBA,ISS IBA IEA,IDA,IEA,IBA IEA,ISS IEA,IEA,IDA,IDA IMP IEA,IBA TAS IEA,IEA,IDA TAS,IBA,IEA,IBA,IDA,IDA IEA,IBA IEA,IDA,IEA,IPI IEA,IDA IEA,IEA,IBA IEA,ISS IEA,IPI,IDA,IBA,IDA IBA IEA,IEA,ISS IEA,IDA,ISS,IDA IEA,IEA,IDA,IBA,IEA,ISS IEA,IEA,IDA IPI,IEA,IBA,IEA,IDA,IDA,IDA,IDA IBA IEA,IDA IEA,IDA IBA,IDA IMP ISS IBA IEA,ISS IBA IEA,IBA,IMP,ISS,IEA,IEA,IBA IEA,IDA,IEA,IPI,IBA,IBA IEA,IEA,IBA,IBA,IEA","S100A9,DNM3,KIF14,VASH2,FMN2,KIF26B,AGBL4,PDE4B,TTLL7,CLASP1,MAP2,DPYSL5,LRPPRC,EML6,DYSF,ALMS1,REEP1,CLASP2,KIF15,HTT,JAKMIP1,UNC5C,APC,JAKMIP2,CEP57L1,FYN,PARK2,PACRG,STMND1,DST,VPS41,CLIP2,KRIT1,DYNC1I1,NCALD,SYBU,NDRG1,MTUS1,DPYSL2,RP1,LYN,CDK5RAP2,STRBP,C10orf90,GAS2,DCDC1,STIM1,NAV3,TUBGCP3,CENPJ,MTUS2,EML1,KIF26A,CCDC88C,INO80,AGBL1,SLC6A2,GAS2L2,KIF1C,BCAS3,KATNAL2,PDCD5,MAP1LC3A,STMN3,TIAM1,MX2,MX1,GAS2L1"
0-300k,True,0.00019583320915304896,131,1889,34,0.0179989412387507,0.259541984732824,GO:0044325,ion channel binding,18134,7126,GO:0005515,"IPI,IPI IEA,ISS,ISS IBA,IPI,ISS,IEA,ISS IEA,IBA IEA,IPI,IPI ISS IBA,IPI ISS,IDA,IPI,IPI ISS IBA IEA,IPI,IEA,ISS IBA,IBA,ISS IBA,IPI,ISS IBA,IEA,IPI,IEA,ISS TAS,IBA,IPI IBA,IDA,IBA IEA,IPI,IEA,ISS TAS,IPI","KCND3,ACTN2,RYR2,PDE4B,DPP10,SLC8A1,KCNAB1,FGF12,STAC,SCN5A,ANK2,CAMK2D,HTT,PKD2,PDE4D,HOMER1,FYN,TRDN,RIMS1,RIMS2,LYN,ANK3,KCNC1,KCNQ1,PANX1,NOS1,PACS2,AKAP6,USP10,PIRT,ATP2A3,SH3GL1,FKBP1A,KCNB1"
0-300k,True,0.0038179557638144397,254,1889,50,0.0264690312334569,0.19685039370078694,GO:0008017,microtubule binding,18134,1946,GO:0015631,"TAS IEA,IBA,ISS IBA IEA,IDA,IEA,IBA IEA,IDA IMP IEA,IBA TAS IEA,IEA,TAS,IBA,IEA,IBA,IDA,IDA IEA,IBA IEA,IEA,IDA IEA,IEA,IBA IEA,IDA IBA IEA,IEA,ISS IEA,IDA,ISS,IEA,IDA,IBA,IEA,ISS IEA,IDA,IEA,IBA,IEA,IDA,IDA,IDA,IBA,IDA IBA,IMP ISS IBA IEA,ISS IBA IEA,IBA,IEA,IBA IEA,IEA,IBA,IEA,IBA,IBA,IEA","S100A9,DNM3,KIF14,VASH2,FMN2,KIF26B,CLASP1,MAP2,DPYSL5,LRPPRC,EML6,DYSF,ALMS1,REEP1,CLASP2,KIF15,JAKMIP1,APC,JAKMIP2,CEP57L1,DST,VPS41,CLIP2,KRIT1,DYNC1I1,SYBU,NDRG1,MTUS1,DPYSL2,RP1,CDK5RAP2,STRBP,C10orf90,GAS2,DCDC1,STIM1,NAV3,TUBGCP3,MTUS2,EML1,KIF26A,CCDC88C,GAS2L2,KIF1C,KATNAL2,MAP1LC3A,TIAM1,MX2,MX1,GAS2L1"
300k-500k,True,5.12396147981046e-05,180,949,30,0.0316122233930453,0.166666666666667,GO:0006941,striated muscle contraction,17916,2912,GO:0006936,"NAS,ISS,ISS,IEA,IMP ISS IC IEA,ISS,IC IEA,IEA,NAS,IBA,IMP,IMP IGI ISS,ISS TAS IC,IEA,ISS IBA IEA,IMP,IMP,IMP,IMP IEA,IMP,IMP ISS TAS,IEA,IMP,IEA,IBA,TAS,ISS IEA,IMP ISS,IMP,IMP IBA","ARHGEF11,NOS1AP,RCSD1,ADORA1,RYR2,PDE4B,KCNJ3,HDAC4,FGF12,STAC,CACNA1D,ANK2,CAMK2D,ADRA1B,PDE4D,CACNA2D1,CACNB2,CTNNA3,KCNJ5,KCNQ1,CACNA1C,ATP8A2,MYL4,MAP2K6,MYOM1,DTNA,SMAD7,TRPM4,MYH14,KCNE1"
300k-500k,True,0.000259938625797529,996,949,92,0.0969441517386723,0.0923694779116466,GO:0014070,response to organic cyclic compound,17916,5228,GO:0010033,"IEA,IEA,IEA,IEA,IDA,IEA,IEP IEA,IDA ISS TAS IEA,IEA,IEA,ISS,IDA,IEA,IEA,IEA,IEA,IEA,IEA,ISS,IEA,IEA,IEA,IEA,IEA,IEA,IDA IEA,IEP,IEA,IEA,IDA IMP IEA,IEA,IDA IBA,ISS,IDA ISS IEA,IDA ISS TAS NAS IEA,ISS,TAS,IBA IEA,IEA,IEA,IEA,IDA IEP,IDA IEA,ISS IEA,IEA,IDA IEP,IEA,IEA,IEA,IEA,IDA,IEA,IDA,IEA,ISS IEA,IEA,IDA IMP TAS,IEA,IDA,IEA,IDA IEA,IMP IEA,IEA,IMP IBA,IEA,IDA,IEA,IEA,IDA,ISS,IEA,IDA IMP IEA,IEA,IEA,IEA,ISS IEA,IEA,IMP,IBA,IMP,IDA,IEA,IEA,ISS IBA IEA,IDA NAS,NAS,IMP,IEA,IDA,TAS,ISS,IEA","MTHFR,RGS4,RXRG,NR5A2,ATP2B4,ESRRG,ALPL,RYR2,CHRM3,SMYD3,PDE4B,PARK7,IGFBP2,ACSL3,DNMT3A,ALK,PRKCE,CNGA3,GRAMD1C,ATG7,PPARG,GHSR,TP63,THRB,RARB,TGFBR2,SLIT2,EFNA5,SLC6A3,NR3C1,PDE4D,ZNF366,ADCY2,CRHBP,ESR1,DTNBP1,PARK2,PAQR8,BMP6,FOXP2,TRIM24,AQP1,GHRHR,RAMP3,MSR1,SFRP1,ABCA1,ALAD,PAPPA,NR5A1,RAPGEF1,MGMT,ZMIZ1,PTEN,GRAMD1B,ETS1,KCNQ1,FIBIN,TRIM68,NOX4,NR1H4,NCOR2,METTL21C,RNF6,ABCC4,AKAP6,FOS,ESRRB,GABRB3,RYR3,ALDH1A2,RORA,ACSBG1,NTRK3,WFDC1,INPP5K,HNF1B,OSBPL7,GNAL,COLEC12,PMAIP1,BCL2,TRPM4,SRC,CYP24A1,PMEPA1,GABPA,APP,KCNE1,RUNX1,PDGFB,PPARA"
300k-500k,True,0.0018514582716725,280,949,36,0.0379346680716544,0.128571428571429,GO:0030522,intracellular receptor signaling pathway,17916,7952,GO:0007165,"IBA IEA,IEA,IEA,IDA,TAS,IMP IEA,IEA,IBA IEA,IBA IEA,IEA,IDA IBA,IDA ISS TAS NAS IEA,IEA,IEA,IEA,IDA,IEA,IMP IEA,IDA,IDA,IDA ISS IEA,IMP,IMP IBA,IEA,IEA,IDA IEA,TAS,ISS IEA,IEA,ISS IBA IEA,IDA,NAS,NAS,TAS,ISS,IEA","RXRG,NR5A2,ESRRG,PARK7,IRAK2,PPARG,TP63,THRB,RARB,NR3C1,ZNF366,ESR1,TRIM24,TWIST1,GHRHR,SFRP1,NR5A1,CTBP2,ZMIZ1,TRIM68,NR1H4,NCOR2,RNF6,ESRRB,ALDH1A2,RORA,MAP2K6,ALOXE3,ZNF536,SRC,PTGIS,CYP24A1,PMEPA1,RUNX1,TBX1,PPARA"
300k-500k,True,0.000651576534888824,77,986,16,0.0162271805273834,0.207792207792208,GO:0048786,presynaptic active zone,18856,2574,"c(""GO:0098793"", ""GO:0110165"")","IEA,IEA,IEA,IEA,IEA,IEA,TAS IEA,ISS,IEA,IEA,IEA,IBA,TAS IEA,IEA,IEA,IEA","NTNG1,ADORA1,ATP2B4,NRXN1,CTNNA2,CACNA1D,ERC2,GRM7,GPM6A,CDH10,EGFLAM,STX11,PCLO,FZD3,CTBP2,APP"
300k-500k,True,0.0044811676087551395,17,986,7,0.00709939148073022,0.411764705882353,GO:0098688,parallel fiber to Purkinje cell synapse,18856,3646,GO:0060076,"IEA,IEA,IEA,IEA,IEA,IEA,IEA","KCNJ3,CTNNA2,CNTN6,GRID2,CADPS2,PLCB4,SYNJ1"
300k-500k,True,0.0479821085136411,11,986,5,0.0050709939148073,0.454545454545455,GO:1990454,L-type voltage-gated calcium channel complex,18856,4281,"c(""GO:0005891"", ""GO:0030315"")","ISS,IDA,IDA IBA,IDA,IDA","NOS1AP,CACNA1D,CACNA2D1,CACNB2,CACNA1C"
300k-500k,True,0.0004908911660413242,56,971,14,0.0144181256436663,0.25,GO:0003707,steroid hormone receptor activity,18134,433,GO:0038023,"IEA,IEA,IEA,IEA,IEA,IEA,TAS IEA,IDA TAS NAS IEA,IBA,IEA,IEA,IEA,IEA,IDA IEA","RXRG,NR5A2,ESRRG,PPARG,THRB,RARB,NR3C1,ESR1,PAQR8,NR5A1,NR1H4,ESRRB,RORA,PPARA"
300k-500k,True,0.00636456605540586,87,971,16,0.0164778578784758,0.18390804597701105,GO:0030165,PDZ domain binding,18134,4791,GO:0019904,"IBA IEA,ISS,IBA,IDA,ISS IEA,ISS IEA,IPI,IPI,IPI IEA,ISS,ISS,IEA,IEA,IEA,IEA,IEA","ATP2B4,TGFBR3,ATP2B2,NLGN1,GRID2,SLC9A3,PARK2,FZD3,PTEN,CADM1,ERC1,SHISA9,CACNG3,SHISA6,DTNA,GRIK5"
300k-500k,True,0.00906139807598925,888,971,77,0.0792996910401648,0.0867117117117117,GO:0000976,transcription regulatory region sequence-specific DNA binding,18134,128,"c(""GO:0001067"", ""GO:1990837"")","IDA IEA,ISS IBA IEA,IBA,ISS IBA IEA,IEA,IEA,IDA,IEA,IDA,IDA,IDA,IDA,IBA IEA,IBA,ISS IBA,IBA,IBA,IMP,IBA,IDA,IDA IBA IEA,IDA,IDA,IDA,IDA,IEA,IBA IEA,ISS IBA,IEA,IDA,IDA,IDA IBA IEA,IDA IBA,IDA IBA IEA,IEA,IBA,IEA,IDA ISS IBA IEA,IEA,IBA,IDA,IDA IBA,IBA,IDA,IEA,ISS IEA,IDA IBA,IEA,IDA,IBA,IDA IBA,IDA IEA,IEA,IDA,IDA IEA,IDA IEA,IDA,IEA,IMP IBA IEA,ISS,IEA,IDA IEA,IBA,IBA IEA,IBA,IDA,ISS IEA,IDA ISS IBA,IDA IEA,ISS IBA IEA,IDA,IBA IEA,IDA IEA,IEA,IDA IMP,IBA,IDA IBA IEA","PBX1,LMX1A,RXRG,NR5A2,ESRRG,SMYD3,NFIA,LMO4,E2F6,LRRFIP1,HDAC4,DNMT3A,FIGLA,ZBTB20,PPARG,THRB,RARB,IRF2,KDM3B,NR3C1,PLAGL1,ESR1,PARK2,ETV7,IRF4,RUNX2,BACH2,CUX1,FOXP2,TRIM24,ETV1,TWIST1,GLI3,FOXK1,CHD7,ZFHX4,DMRT2,NR5A1,PBX3,ZBTB34,NFIB,NFX1,GLIS3,TCF7L2,EBF3,ZEB1,ZBTB16,PKNOX2,ETS1,BATF2,NR1H4,ETV6,KDM2B,SOX5,ARNTL2,ELF1,DACH1,KLF12,FOS,ESRRB,BCL11B,RORA,MAF,HNF1B,BPTF,TGIF1,ZNF516,TCF3,ZNF536,RFX2,TOX2,NFATC2,GABPA,APP,RUNX1,TBX1,PPARA"
500k-1m,True,8.213749089592e-06,561,2784,140,0.0502873563218391,0.24955436720142604,GO:0007264,small GTPase mediated signal transduction,17916,3190,GO:0035556,"IDA,IMP,IDA TAS IEA,TAS,IEA,ISS,IEA,IEA,IBA,IEA,IDA,TAS,TAS,IEA,TAS,IEA,IC IEA,IEA,IDA IBA,IBA,IBA,IMP TAS,IEA,IBA TAS IEA,TAS IEA,IEA,IBA,IDA,TAS,IBA TAS,IMP,TAS,IBA,TAS,IDA,NAS,IEA,TAS,IEA,TAS,TAS IEA,IEA,TAS IEA,IEA,IMP IBA TAS,IBA TAS,IBA,TAS,TAS,ISS IEA,IEA,IDA,IEA,NAS IEA,IEA,IGI,IDA,IEA,ISS,IMP IEA,IEA,IEA,IEA,IEA,IMP,IC,IDA,IEA,IMP,IMP TAS IEA,TAS IEA,TAS IEA,IEA,IMP,TAS,IMP NAS,TAS IEA,TAS,IDA IEA,TAS,IBA TAS,IBA TAS IEA,IDA IEA,IEA,TAS,TAS,IMP,IDA,IBA,IBA IEA,IDA IMP IBA TAS,IBA NAS,ISS IBA IEA,IEA,TAS,IMP IBA IEA,IEA,TAS,IBA,TAS,ISS IBA IEA,IMP,TAS,IEA,IDA,IBA,IEA,IMP,IEA,IEA,IMP,TAS,ISS IBA NAS IEA,IEA,IBA TAS,IEA,TAS,ISS IEA,IBA IEA,ISS,ISS IBA NAS IEA,IBA IEA,IBA,IBA,IMP TAS IC IEA,TAS,IEA,ISS TAS IEA,IBA TAS,TAS IEA,NAS,IEA,TAS,IBA,IMP IBA TAS,IMP,IMP TAS,IBA,IBA TAS IEA,ISS IEA","MFN2,PDPN,ARHGEF11,GNB1,RALGPS2,TGFB2,RAP1GAP,TRIM67,RAB3B,DAB1,JUN,PLEKHG5,PARK7,BCAR3,ARHGAP29,RAPGEF4,ALS2,DOCK10,GPR55,RAB17,DNAJC27,ARHGAP25,YWHAQ,ARHGAP31,KALRN,IQSEC1,RAB6B,AGTR1,PLD1,ARHGEF3,ROBO1,SRGAP3,RAB28,ARHGAP10,SLIT2,G3BP2,RASGEF1B,ARHGAP24,PSD2,TRIO,ARHGAP26,DOCK2,RASGRF2,RASA1,ARHGAP18,TIAM2,RAB44,FGD2,RREB1,RELN,DOCK4,MET,DGKI,RAPGEF5,ADCYAP1R1,ELMO1,MMD2,CYTH3,AUTS2,FAM49B,ARHGEF10,PSD3,DOCK5,NRG1,ABCA1,DAB2IP,DENND1A,SH2D3C,ABL1,RAPGEF1,RALGDS,VAV2,DOCK8,KANK1,SHC3,SHOC2,DOCK1,ARHGAP21,RASGEF1A,ARHGAP22,NET1,RHOBTB1,PLCE1,ARHGAP42,ARHGAP20,ARAP1,ARRB1,BRAP,KSR2,RAB35,ARHGDIB,RERG,EPS8,IQSEC3,SRGAP1,RAP1B,KITLG,IRS2,RAB20,MCF2L,RAP2A,PRKD1,ARHGAP5,SIPA1L1,CCDC88C,USP50,ARPP19,CGNL1,TSC2,DNAJA3,CDH13,ABR,KSR1,RAP1GAP2,RHOT1,RAPGEFL1,PLD2,ITGA3,CDC42EP4,NTN1,RIT2,RAB12,RAB31,RAB3D,MYO9B,GMIP,SIPA1L3,ARHGAP35,RRAS,VAV1,RIN2,RALGAPA2,PREX1,ARFGAP1,TIAM1,RTN4R,BCR,IFT27,RAC2,CELSR1"
500k-1m,True,1.7079871566423498e-05,224,2784,69,0.0247844827586207,0.308035714285714,GO:0006814,sodium ion transport,17916,2804,"c(""GO:0015672"", ""GO:0030001"")","IDA IGI ISS IBA NAS IEA,IC,IDA IMP ISS IBA IEA,IBA,IBA IEA,IEA,IBA NAS IEA,IDA,IBA,IEA,IDA IMP IGI IEA,TAS,IBA IEA,IEA,IMP ISS IEA,IDA IBA IEA,IEA,IDA IEA,IDA,IEA,IEA,IDA IMP IEA,IDA IMP,IMP IBA,IMP IEA,IBA,TAS,ISS,ISS IEA,IBA,IEA,IBA,IDA,IDA IEA,IDA,IEA,ISS,ISS IEA,IDA IEA,IDA IMP IBA NAS IEA,IEA,IEA,IEA,ISS IEA,ISS,ISS,IEA,IDA ISS NAS IEA,IDA IEA,IEA,ISS IEA,IEA,IDA IEA,IBA IEA,IEA,IDA TAS IEA,ISS IBA IEA,IEA,IEA,IDA IBA TAS IEA,IDA IBA IEA,IDA IBA NAS,IDA IBA IEA,IDA,IDA IEA,IEA,ISS,IBA IEA,IEA","ATP1A2,ATP2B4,SLC9A1,NKAIN1,SLC9A2,SLC4A10,SCN3A,OSR1,HECW2,SERPINE2,SLC8A1,PRKCE,SLC9A9,KLHL24,FGF12,SCN10A,SLC9B1,SLC9B2,CAMK2D,SLC10A7,SLC34A2,SLC4A4,PKD2,KLHL3,HCN1,NKAIN2,SGK1,UTRN,CNKSR3,HECW1,SLC20A2,NKAIN3,PTPN3,SLC24A2,PKD2L1,KIF5B,ANK3,DRD2,SCN2B,SCN3B,SLC17A6,TRPM5,SLC17A8,NOS1,P2RX7,PKP2,CNTN1,ASIC1,SCNN1A,SLC6A15,NALCN,SLC10A2,SLC24A4,SLC12A1,CACNA1H,SCNN1B,SLC12A3,SLC38A8,ASIC2,SCN4A,ATP1B2,NEDD4L,ATP1A3,TRPM4,SLC24A3,SLC23A2,SIK1,SLC5A1,CACNA1I"
500k-1m,True,2.2556463788765306e-05,1226,2784,263,0.0944683908045977,0.21451876019575894,GO:0048878,chemical homeostasis,17916,15386,GO:0042592,"IDA,IDA ISS IBA TAS IC IEA,IEA,IEA,ISS IEA,IDA ISS IBA IC IEA,ISS IEA,IBA,IDA IMP ISS IBA IC IEA,IEA,IMP IEA,IDA IBA TAS IEA,IEA,IBA,IBA,ISS IEA,TAS,ISS IEA,IBA IEA,IBA,ISS,IBA IEA,IEA,IMP ISS IBA TAS IEA,IBA,IBA,IEA,IEA,IBA,TAS,IBA,IEA,ISS IBA IEA,IDA ISS TAS IEA,IMP IGI,IMP IBA,IMP IBA IEA,IEA,IEA,IEA,IEA,ISS,IBA IEA,IDA,IMP IBA IEA,ISS IEA,IBA,IMP TAS,IBA,IDA IMP IBA,IBA IEA,IDA IBA NAS,IBA TAS IEA,IBA,IMP,IEA,IBA,IBA,IMP,ISS IBA IEA,TAS,IEA,IBA IEA,IDA IMP ISS IBA IEA,ISS,IEA,IGI ISS,IDA ISS TAS IC,IMP,TAS,ISS,IDA IMP IBA IEA,IDA IBA,IDA,ISS IEA,IDA IMP IBA IEA,ISS IEA,IDA IMP IGI ISS IBA,IDA,IDA IMP ISS IBA IEA,TAS,ISS IEA,IBA,IBA,IMP IBA,IEA,IMP IBA,IEA,IEA,IBA,IDA,ISS IEA,ISS IEA,IDA,TAS,IEA,IEA,IBA IEA,ISS IEA,ISS IBA TAS IEA,ISS,ISS,ISS,IBA,IEA,ISS,IBA,IMP,ISS IEA,IMP,IMP IEA,ISS IEA,ISS IEA,IMP,IMP IGI ISS IEA,IDA,IEA,IEA,IEA,TAS,ISS IEA,IDA,IEA,IDA IEP IBA TAS,IEA,IEA,IDA,TAS,IDA,IEA,TAS,ISS IEA,ISS NAS IEA,ISS IEA,ISS,IDA,IEA,IEA,IDA ISS IBA IEA,IEA,IMP IGI,TAS,IDA IMP ISS IBA IEA,IEA,IEA,TAS,IBA IEA,IEA,IDA IMP TAS,IDA,IEA,IMP IEA,IEA,IDA IEP,IDA ISS IEA,ISS IBA IEA,IDA IBA IEA,TAS IEA,ISS,IDA IC,IDA IBA,IEA,IEA,IEA,ISS,IMP,IDA,IMP IBA,IBA TAS,IBA IEA,ISS IBA IEA,IMP,IBA IEA,ISS IEA,IMP IEA,IBA,IMP IBA IEA,TAS,ISS TAS IEA,IEA,ISS IEA,IEA,IEA,IDA IBA IEA,NAS,IDA IMP IBA IEA,TAS,ISS,ISS IEA,IDA IEA,IEA,IDA IMP,IDA ISS TAS,IMP,IEA,IEA,IDA,IMP,IEA,IBA,TAS IEA,IMP,ISS IBA IEA,NAS,TAS IEA,IEA,ISS IC,IMP,IDA IBA,IEA,IBA IEA,IEA,IBA,IMP IEA,IMP ISS IEA,IBA,IDA IMP,IDA,IEA,IDA,TAS,IBA,IDA IMP IBA,IEA,IDA,IBA,IDA IBA IEA,IBA,TAS IEA,IEA,IDA,IMP ISS IEA,IMP IBA,IBA TAS IC,ISS IEA,IEA,IDA IBA,IDA,IEA,TAS,IDA NAS,IDA TAS IEA,IEP,IDA IEA,ISS IEA,IDA IBA,IEA,ISS,ISS IEA,IMP IEA,IDA ISS IBA,IMP IEA,IBA,IDA TAS IEA,IMP,IDA IBA,ISS IEA,IMP IEA,IBA,IBA,ISS IEA,IEA,IEA","CTRC,ATP1A2,NADK,GNB1,PTPRC,ATP2B4,NUCKS1,PLCH2,RYR2,CLIC4,LDLRAP1,SLC9A1,ELOVL1,PTGER3,PTGFR,PARK7,PRKACB,GPR157,SLC9A2,ACOXL,SCTR,SLC4A10,VSNL1,SLC40A1,PLCL1,UNC80,CPS1,ABCA12,CXCR1,IRS1,GPR55,TRPM8,TMEM178A,SLC8A1,THADA,ABCG5,ABCG8,PRKCE,TTC7A,FSHR,CYP26B1,RAB11FIP5,HK2,TACR1,ATP2B2,ZBTB20,NR1I2,PPARG,SLC12A8,ATP2C1,SLC9A9,AGTR1,CP,PLCL2,TRA2B,FGF12,ATP13A4,ATP13A3,SCN10A,ITPR1,PRKAR2A,CACNA1D,MTTP,SLC39A8,SLC9B1,SLC9B2,ANK2,CAMK2D,SLC10A7,EDNRA,FBXW7,LETM1,SLC34A2,HTT,CORIN,WFS1,EPHA5,SLC4A4,CXCL13,PKD2,ABCG2,EFNA5,SLC12A7,TRPC7,KLHL3,LPCAT1,PDE6A,GRIA1,SGCD,ADRA1B,DRD1,PDE4D,PIK3R1,CARTPT,ADCY2,COL4A3BP,GRIK2,FOXO3,FYN,TRDN,ESR1,PARK2,GPLD1,SCGN,BTBD9,VEGFA,CYP39A1,PKHD1,BMP6,COX19,FIS1,SLC26A4,SLC26A3,MET,CFTR,MIR182,TRIM24,TBXAS1,KEL,CUL1,PTPRN2,HDAC9,SNX10,AQP1,GHRHR,ADCYAP1R1,SFRP4,ADCY1,FOXK1,EGFR,PRKAR1B,FZD9,MLXIPL,CD36,CACNA2D1,ABCB4,SYBU,GATA4,SLC30A8,WISP1,LPL,ATP6V1B2,SLC39A14,CSMD1,CHD7,JPH1,CALB1,TMEM64,ABCA1,PTPN3,NCS1,ABL1,DBH,ABCA2,GRIN1,TTC39B,SLC24A2,ACO1,PAX2,GSTO1,TCF7L2,CACNB2,MALRD1,KIF5B,ANK3,CDH23,KCNMA1,SLC35G1,PLCE1,TRPC6,DRD2,SCN2B,UBASH3B,GRAMD1B,SCN3B,STIM1,LRP5,P2RY2,P2RY6,ARRB1,DGAT2,RIC3,PRCP,NR1H4,HSP90B1,TRPV4,NOS1,PLA2G1B,SPPL3,P2RX7,AACS,GRIN2B,CACNA1C,KCNA1,KCNA5,LRP1,SCNN1A,TMTC2,METTL21C,FAM155A,IRS2,RAB20,FOXO1,SLC7A8,SLC22A17,PRKD1,AKAP6,PYGL,SLC24A4,TJP1,RYR3,EPB42,SLC12A1,LIPC,RORA,IGF1R,GRIN2A,SCNN1B,PRKCB,PDPK1,ADCY9,SLC12A3,CETP,CNGB1,CDH5,SLC12A4,PLCG2,ATP2C2,JPH3,RPH3AL,CCL8,NR1D1,ATP2A3,CCR7,STAT3,MED13,ATP1B2,TMC8,ASPSCR1,MYO5B,NEDD4L,BCL2,ZNF236,CACNA1A,FFAR2,ATP1A3,GRIK5,TRPM4,RCN3,SLC25A23,SLC24A3,TGM2,ADRA1D,JPH2,TBC1D20,SLC12A5,KCNB1,VAPB,PLCB1,PLCB4,APP,TIAM1,PLA2G6"
500k-1m,True,6.73673024760956e-07,336,2894,94,0.032480995162405,0.27976190476190504,GO:0031253,cell projection membrane,18856,1281,"c(""GO:0098590"", ""GO:0120025"")","IBA,IEA,IDA IEA,IEA,ISS IEA,ISS IEA,IEA,ISS IEA,IEA,IDA IEA,IDA NAS IEA,ISS IEA,IBA,ISS IEA,ISS IEA,IDA IEA,IDA,IDA IEA,IEA,IEA,IDA IEA,ISS,IEA,IEA,IDA IEA,ISS,IBA,IBA,IBA,IEA,IDA,IEA,ISS IEA,IDA IEA,IEA,IDA IEA,IDA,IDA IEA,ISS,IDA,IEA,ISS IEA,IEA,ISS IEA,IEA,ISS IBA,IDA,IEA,IDA,IEA,IEA,ISS IEA,ISS IEA,ISS IBA IEA,IEA,IDA,IDA IEA,IEA,IDA IEA,IEA,IEA,ISS NAS,IDA,IBA IEA,IEA,ISS,ISS IEA,IDA,ISS IBA IEA,IDA,IEA,IEA,IEA,IBA,ISS IBA IEA,TAS,IEA,IBA,IEA,IEA,ISS IEA,IDA IEA,IDA,ISS IEA,IDA,IDA IEA,IBA,IEA,IEA,IEA,IEA,IEA,IEA,IEA","KCNC4,KCNA2,PDPN,GNB1,USH2A,FGR,OPRD1,GPR157,EPB41L5,DPP4,FAP,LRP2,PLB1,SPTBN1,TMEM17,ANTXR1,ADAM17,GAP43,PLXND1,FGD5,CLASP2,ROBO2,MTTP,TACR3,PROM1,SLC34A2,GABRG1,GABRA2,GABRA4,PKD2,ABCG2,SLC6A19,PSD2,GRIA1,MYO10,WWC1,DRD1,CDHR2,UNC5A,UTRN,OPRM1,PACSIN1,FGD2,SLC26A4,SLC26A3,PODXL,CNTNAP2,IQCE,AQP1,BBS9,FZD9,CD36,SGCE,PSD3,ANK1,SNTG1,DDX58,DOCK8,KANK1,PKD2L1,ITGA8,CUBN,DRD2,KCNC1,PTPRJ,SHANK2,TRPV4,RAB35,EPS8,SCNN1A,FERMT2,PLEK2,TTC8,GABRG3,SHISA9,CNGB1,PIEZO1,SHISA6,PEMT,KSR1,MYO1D,ITGA3,CA4,ATP1B2,APC2,SLC7A9,KCNB1,FERMT1,TIAM1,PDE9A,TSPEAR,SLC19A1,SLC5A1,PACSIN2"
500k-1m,True,1.60583366620247e-05,160,2894,52,0.017968210089841,0.325,GO:0098862,cluster of actin-based cell projections,18856,3697,GO:0110165,"ISS IEA,IEA,ISS IEA,ISS IEA,ISS IBA IEA,IBA,ISS IEA,IDA,IEA,IEA,ISS IBA IEA,IDA,IEA,IDA,ISS IBA IEA,ISS IEA,IEA,ISS IEA,IEA,IDA,ISS IEA,IEA,IDA,IEA,ISS IBA IEA,ISS NAS IEA,ISS IEA,ISS IEA,ISS IEA,ISS,IDA ISS IBA TAS,ISS,ISS IEA,ISS IEA,ISS IEA,IEA,IEA,IEA,IEA,IEA,IEA,ISS IEA,IDA,IEA,ISS IEA,IDA IEA,IEA,IEA,TAS,ISS IEA,IEA,IEA","USH2A,DAB1,LRP2,MYO3B,MYO1B,PLB1,PLS1,MME,FLNB,MTTP,SLC34A2,ABCG2,SLC6A19,CDHR2,DCDC2,SLC26A4,SLC26A3,DOCK4,CAPZA2,AQP1,CD36,CALB1,RALGDS,TMC1,PDZD7,CUBN,MYO3A,PCDH15,CDH23,VCL,USH1C,SHANK2,FCHSD2,MYO7A,EPS8,PTPRQ,SLC15A1,ACTN1,MYO1E,PEMT,MYO15A,MYO1D,CA4,MYO15B,LOXHD1,SLC7A9,MYH14,TMC2,TMPRSS15,TSPEAR,SLC19A1,SLC5A1"
500k-1m,True,8.032375890269921e-05,1132,2894,236,0.0815480304077402,0.20848056537102494,GO:0005623,obsolete cell,18856,300,character(0),"IEA,IEA,IEA,IEA,IEA,IEA,IEA,IEA,IEA,IEA,IEA,IEA,IEA,IEA,IEA,IEA,IEA,IEA,IEA,IEA,IEA,IMP,IEA,IEA,IEA,IEA,IEA,IEA,IEA,IEA,IEA,IEA,IEA,IEA,IEA,IEA,IEA,IDA,IEA,IEA,IEA,IEA,IEA,IEA,IEA,IEA,IEA,IEA,IEA,IEA,IEA,IEA,IEA,IEA,IEA,IEA,IEA,IEA,IEA,IEA,IEA,IEA,IEA,IEA,IEA,IEA,IEA,IEA,IEA,IEA,IEA,IEA,IEA,IEA,IEA,IEA,IEA,IEA,IEA,IEA,IEA,IEA,IEA,IEA,IEA,IEA,IEA,IEA,IEA,IEA,IEA,IEA,IEA,IEA,IEA,IEA,IEA,IEA,IEA,IEA,IEA,IEA,IEA,IEA,IEA,IEA,IEA,IEA,IEA,IEA,IEA,IEA,IEA,IEA,IPI IEA,IEA,IEA,IEA,IEA,IEA,IEA,IEA,IEA,IEA,IEA,IEA,IEA,ISS,IEA,IEA,IEA,IEA,IEA,IEA,IEA,IEA,IEA,IEA,IEA,IEA,IEA,ISS,IEA,IEA,IEA,IEA,IEA,IEA,IEA,IEA,IEA,IEA,IEA,IEA,IEA,IEA,IEA,IEA,IEA,IEA,IEA,IEA,IEA,IEA,IEA,IEA,IEA,IEA,IEA,IEA,IEA,IEA,IEA,IEA,IEA,IEA,IEA,IEA,IEA,IEA,IEA,IEA,IEA,IEA,IEA,IEA,IEA,IEA,IEA,IEA,IEA,IEA,IEA,IEA,IEA,IEA,IEA,IEA,IEA,IEA,IEA,IEA,IEA,IEA,IEA,IEA,IEA,IEA,IEA,IEA,IEA,IEA,IEA,IEA,IEA,IEA,IEA,IEA,IEA,IEA,IEA,IEA,IEA,IEA,IEA,IEA,IEA,IEA,IEA,IEA,IEA,IEA,IEA,IEA,IEA,IEA","VPS13D,CTRC,ATP1A2,KIFAP3,GNB1,PTPRC,PRKCZ,ATP2B4,NUCKS1,PLCH2,RYR2,FMN2,CLIC4,SLC9A1,FGGY,PTGER3,PTGFR,PARK7,GPR157,FNBP1L,SLC9A2,TTL,SCTR,CLASP1,KIF5C,SLC4A10,ITGA4,SLC40A1,MYO1B,PLCL1,PARD3B,ABCA12,CXCR1,GPR55,TRPM8,MLPH,RAB17,RAMP1,TRAPPC12,TMEM178A,SLC8A1,TTC7A,FSHR,RAB11FIP5,DCTN1,HK2,TACR1,ATP2B2,SPICE1,ZBTB20,SLC12A8,ATP2C1,NME9,SLC9A9,AGTR1,CP,PLCL2,NLGN1,TRA2B,ATP13A4,ATP13A3,CLASP2,MLH1,ITPR1,FLNB,SLC39A8,SLC9B1,ANK2,SLC10A7,EDNRA,FBXW7,LETM1,SLC34A2,ADD1,HTT,SLC4A4,CXCL13,PKD2,ABCG2,SLC12A7,TRPC7,PDE6A,ADRA1B,DRD1,FBXO4,PIK3R1,CARTPT,GRIK2,FOXO3,TRDN,ESR1,SYNE1,PARK2,KIF13A,SCGN,PKHD1,BMP6,COX19,FIS1,SLC26A3,CFTR,EXOC4,TBXAS1,KEL,CUL1,PTPRN2,MAD1L1,AQP1,GHRHR,ADCYAP1R1,FOXK1,SUN3,FZD9,MLXIPL,CD36,CACNA2D1,GATA4,SLC30A8,SGCZ,ATP6V1B2,SLC39A14,KIF13B,JPH1,CALB1,TMEM64,CDK5RAP2,ABL1,OLFM1,QSOX2,ABCA2,GRIN1,SLC24A2,ACO1,PAX2,GSTO1,ARHGAP21,KIF5B,PARD3,ZWINT,ANK3,CDH23,VCL,KCNMA1,SLC35G1,PLCE1,TRPC6,ATM,DRD2,SORL1,STIM1,P2RY2,P2RY6,DGAT2,MYO7A,RIC3,NR1H4,HSP90B1,MYO1H,TRPV4,NOS1,PLA2G1B,SPPL3,P2RX7,AACS,GRIN2B,CACNA1C,NELL2,KCNA5,LRP1,FAM155A,IRS2,RAB20,FOXO1,DYNC1H1,SLC22A17,AKAP6,TMX1,SLC24A4,CLMN,SYNE3,TJP1,RYR3,SLC12A1,MYO1E,TLN2,IGF1R,GRIN2A,PRKCB,PDPK1,SLC12A3,CNGB1,CDH5,SLC12A4,PLCG2,ATP2C2,JPH3,MYO15A,NOS2,RHOT1,MYO1D,CCL8,MYO19,NR1D1,ATP2A3,CCR7,JUP,LPO,NXN,ATP1B2,RIT2,MYO5B,TXNL1,NEDD4L,BCL2,CACNA1A,ATP1A3,GRIK5,TRPM4,MISP,SLC24A3,CHMP4B,TGM2,ADRA1D,JPH2,SLC12A5,KCNB1,VAPB,TMX4,PLCB1,PLCB4,APP,SYNJ1,TXNRD2,LARGE,RAC2,PLA2G6"
500k-1m,True,3.05805411765421e-07,1557,2851,332,0.116450368291827,0.213230571612075,GO:0032559,adenyl ribonucleotide binding,18134,5454,"c(""GO:0030554"", ""GO:0032555"")","IEA,IEA,IEA,IEA,IMP IEA,IEA,IEA,IEA,IEA,IEA,IEA,IEA,IEA,IEA,IEA,IEA,NAS IEA,IEA,IEA,IDA,IEA,IDA IBA,IEA,IEA,IGI,IEA,IEA,IDA IEA,IEA,TAS IEA,IEA,IEA,IEA,IEA,IEA,IEA,IEA,IDA IEA,IEA,IEA,ISS IEA,IDA IEA,IMP ISS IEA,IEA,IEA,IEA,IEA,NAS IEA,TAS IEA,IEA,IEA,IEA,IDA IEA,IDA IEA,IEA,IDA IEA,IEA,IEA,IEA,IEA,IEA,IEA,TAS IEA,IEA,IEA,IEA,IEA,IEA,IEA,IEA,IEA,IEA,IEA,IEA,IEA,IEA,IEA,IEA,IEA,IEA,IDA IEA,IEA,IDA IEA,IEA,IEA,IEA,IEA,IEA,IEA,IEA,IEA,IEA,IEA,IEA,IEA,IEA,IEA,IEA,IEA,IEA,IEA,IEA,IEA,IDA IEA,IEA,IEA,IEA,IEA,IEA,IEA,IEA,IEA,IEA,IEA,IEA,IEA,IDA ISS IEA,IDA,IEA,IEA,IEA,IBA IEA,IEA,IEA,IEA,IDA IEA,IDA IEA,IEA,IDA NAS IEA,IEA,IEA,IEA,IBA TAS IEA,IEA,IEA,IEA,IEA,IEA,IEA,TAS IEA,IEA,IEA,IEA,IEA,IEA,IEA,IEA,IEA,IDA IEA,IEA,IEA,IEA,IEA,IEA,IEA,IEA,TAS IEA,IEA,IDA IEA,IEA,IEA,IEA,IEA,IEA,IEA,IEA,IEA,IEA,IDA IEA,IEA,IDA IEA,IEA,IDA IEA,IDA ISS IEA,IEA,IEA,IEA,IEA,IEA,IEA,IDA IBA IEA,IEA,IEA,IEA,TAS IEA,IEA,IDA IEA,IEA,IBA IEA,IEA,IEA,IEA,IEA,IEA,IEA,IDA IEA,IDA IEA,IEA,IEA,IDA IEA,IEA,IEA,IEA,TAS IEA,IEA,TAS IEA,IEA,IEA,IEA,IEA,IEA,IEA,IEA,IEA,IEA,IC IEA,IEA,IDA IEA,IEA,IEA,IEA,IEA,IEA,IEA,IEA,IEA,IEA,IEA,IEA,IEA,IEA,IEA,IEA,IEA,IDA IEA,IEA,IEA,IDA,IEA,IEA,IEA,IEA,IDA IEA,IEA,IEA,IEA,IEA,IEA,IEA,TAS,IEA,IEA,IEA,IEA,IEA,IEA,IEA,IEA,IEA,IEA,IEA,IEA,IEA,IEA,IEA,IEA,IEA,IEA,IEA,IEA,IEA,IEA,IEA,IEA,IEA,IEA,IEA,IEA,IDA IEA,ISS IEA,IEA,IEA,IEA,IEA,IEA,IEA,IEA,IEA,IEA,IEA,IEA,IEA,IEA,IEA,IEA,IEA,IEA,IEA,IDA IEA,IEA,NAS IEA,NAS IEA,IEA,IEA,IEA,IEA,IEA,IEA,IEA,IDA IEA,IEA,IEA,IEA,IEA,IEA,IBA IEA,IMP,IEA,IEA,IEA,IEA,IEA,IEA,IEA,IEA,IDA ISS IEA,IDA,IEA,IEA,TAS IEA,IEA,IEA","UBE4B,HIPK1,PKLR,CCT3,ATP1A2,DDR2,ADCY10,NADK,KCNT2,PRKCZ,ATP2B4,KIF17,EPHA8,ABCB10,NTPCR,KIF26B,RUNX3,FGR,TESK2,SCP2,CHD5,ACOT7,ROR1,JAK1,PDE4B,MSH4,TTLL7,PRKACB,PKN2,ABCA4,PIK3CD,MERTK,TTL,MAP3K19,ACVR2A,KIF5C,ACVR1C,ACVR1,FIGN,MYO3B,RAPGEF4,OLA1,MYO1B,CDK15,BMPR2,CPS1,ERBB4,ABCA12,STK36,IQCA1,ATAD2B,ALK,ABCG5,ABCG8,PRKCE,MSH6,VRK2,AAK1,HK2,DNAH6,IRAK2,ATP2B2,SYN2,MYLK,KALRN,MCM2,PIK3R4,ATP2C1,EPHB1,PCCB,GMPS,TNIK,ATP11B,MAP3K13,DGKG,ATP13A4,ATP13A3,TGFBR2,TRANK1,MLH1,OXSR1,ULK4,SNRK,KIF15,PRKAR2A,RAD54L2,MAGI1,SUCLG2,EPHA3,EPHA6,UBE2D3,ALPK1,CAMK2D,SPATA5,PLK4,PI4K2B,STK32B,KIT,EPHA5,KIAA0232,HELQ,MAPK10,ABCG2,PPIP5K2,FER,CAMK4,DDX46,TRIO,STK32A,CSF1R,CAMK2A,ATP10B,MYO10,GRK6,FLT4,NADK2,HCN1,PDE4D,UBE2QL1,MAST4,ADCY2,ACOT12,CDK19,FYN,SGK1,MAP3K5,MTHFD1L,MAP3K4,PDE10A,RPS6KA2,KIF13A,MYLK4,ABCF1,DNAH8,PTK7,RUNX2,FARS2,EPHA7,MET,CFTR,UBE2H,LRGUK,DGKI,HIPK2,BRAF,DGKB,EPHB6,TPK1,PRKAG2,ABCB5,DNAH11,ADCY1,ABCA13,EGFR,PRKAR1B,BAZ1B,RFC2,ABCB4,CDK6,BLK,TRIB1,PTK2,ATP6V1B2,KIF13B,FGFR1,PRKDC,CHD7,RIPK2,STK3,SMC2,ABCA1,TTLL11,ABL1,ABCA2,CACNA1B,SMARCA2,TEK,DDX58,PIP5K1B,NTRK2,DAPK1,ROR2,FGFR2,CAMK1D,SEPHS1,PIP4K2A,MYO3A,MAP3K8,PFKP,KIF5B,MAPK8,PRKG1,PFKFB3,CAMK2G,ADK,BMPR1A,PI4K2A,DYNC2H1,ATM,SIK2,NLRX1,CHEK1,NAV2,DGKZ,DNHD1,PC,NLRP14,MYO7A,HSP90B1,NUAK1,MYO1H,TRPV4,KSR2,TAOK3,CIT,P2RX7,CAMKK2,ABCB9,AACS,EP400,PIK3C2G,NAV3,MYO16,ATP11A,ATP8A2,KATNAL1,DCLK1,VWA8,NEK5,ABCC4,DYNC1H1,TDRD9,KIF26A,TEP1,CHD8,PRKD1,NUBPL,PYGL,PSMC6,PRKCH,TTLL5,ADCK1,RPS6KA5,ITPK1,VRK1,LRRK1,DPH6,STARD9,TTBK2,EPB42,ATP8B4,SLC27A2,MYO1E,PKM,ACSBG1,NTRK3,IGF1R,MYH11,ABCC1,DNAH3,PRKCB,PDPK1,SBK1,SRCAP,TRAP1,ADCY9,DNAJA3,ABCC12,ABCC11,NOD2,CNGB1,TK2,ATP2C2,MYH13,MYH3,DNAH9,MAP2K4,MYO15A,KSR1,NLK,MYO1D,CCT6B,MYO19,ERBB2,ATP2A3,MAP3K14,KIF1C,HELZ,ABCA8,MAP2K6,MYO15B,DNAH17,CSNK1D,PIK3C3,MYO5B,ALPK2,ASNA1,PLK5,MYO9B,JAK3,ATP1A3,MARK4,CKM,LMTK3,TRPM4,MYH14,NLRP11,NLRP8,NLRP5,LONP1,KIF16B,STK35,ACSS1,TTLL9,HCK,CNBD2,TOP1,SGK2,CSNK2A1,UCKL1,GART,RUNX1,HLCS,DYRK1A,RIPK4,SIK1,SLC19A1,BCR,MYO18B,SYN3,TRMU,TTLL8"
500k-1m,True,4.48392111128246e-07,615,2851,154,0.0540161346895826,0.250406504065041,GO:0004672,protein kinase activity,18134,1263,"c(""GO:0016301"", ""GO:0016773"", ""GO:0140096"")","IBA IEA,IDA IBA TAS IEA,EXP IDA IBA IEA,ISS IBA IEA,IDA IBA TAS IEA,ISS IBA TAS IEA,TAS IEA,EXP TAS IEA,IDA TAS IEA,IDA IBA TAS IEA,IBA TAS IEA,IBA IEA,EXP IDA ISS IBA TAS IEA,IDA IBA TAS IEA,IDA IBA NAS IEA,IEA,IDA IBA IEA,ISS IBA TAS IEA,TAS NAS IEA,IDA IBA TAS IEA,TAS IEA,IDA IBA IEA,IDA IBA TAS IEA,NAS,IDA IBA TAS IEA,IDA IEA,IDA IBA TAS IEA,ISS IBA TAS IEA,IBA IEA,IDA IBA TAS IEA,TAS IEA,IBA NAS IEA,IDA IBA IEA,IDA IBA IEA,IDA ISS IBA IEA,IDA IMP IBA IC IEA,IDA IMP IBA TAS IEA,IEA,IDA IBA IEA,IDA IBA IEA,IBA IEA,IDA IEA,IDA IBA IEA,IDA ISS IBA TAS IEA,IBA IEA,IDA IBA TAS IEA,ISS IBA NAS IEA,IBA,ISS IBA TAS IEA,IDA IBA TAS IEA,IDA IBA IEA,TAS IEA,IBA IEA,IMP ISS IBA TAS IEA,IDA IMP ISS IBA IEA,IBA,IDA IMP TAS IEA,IDA IMP IBA TAS IEA,IBA IEA,IBA IEA,EXP IMP ISS IBA TAS NAS IEA,IDA IBA TAS IEA,IDA IBA TAS IEA,TAS,IDA IBA IEA,IDA IBA TAS IEA,IBA IEA,IEA,ISS IBA IEA,IBA TAS NAS IEA,IEA,EXP IDA ISS IBA TAS IEA,IDA IMP IBA TAS IEA,IEA,IEA,IDA,IDA,IDA IMP IBA TAS NAS IEA,IDA IEA,IDA IBA IEA,IDA IBA TAS IEA,IEA,EXP IDA ISS TAS IEA,TAS,IDA IBA TAS IEA,IDA IMP IBA TAS IEA,IBA TAS IEA,EXP IDA IBA TAS IEA,EXP IDA IMP TAS IEA,IDA IBA TAS IEA,IMP IBA TAS IEA,IDA IBA TAS IEA,IBA TAS IEA,IDA IGI IBA NAS IEA,IDA IBA IEA,IDA IEA,IBA TAS IEA,IDA IBA TAS IEA,IDA IMP IEA,IBA IEA,IDA ISS IBA TAS IEA,IDA IBA TAS IEA,IDA IBA IEA,IDA IMP IBA TAS IEA,IDA IBA TAS IEA,IEA,IDA IBA IEA,IDA IBA IEA,ISS IBA IEA,TAS IEA,IBA,TAS IEA,IEA,IDA IMP TAS IEA,IBA TAS IEA,IEA,IDA IMP IBA TAS IEA,IDA IBA TAS IEA,IEA,IDA IBA TAS NAS IEA,IBA IEA,IDA IMP IBA TAS IEA,EXP IDA IBA TAS IEA,IBA,IDA IBA TAS IEA,IBA IEA,IBA IEA,IEA,IBA TAS IEA,IEA,ISS TAS IEA,IDA,IDA IGI IBA TAS IEA,EXP IDA IBA IEA,IDA,TAS,IDA IBA TAS IEA,IDA ISS IBA TAS IEA,IEA,IEA,IEA,IMP,ISS TAS IEA,IDA IMP IBA NAS IEA,IEA,IBA IEA,IMP IBA TAS IEA,IMP,IBA TAS IEA,IDA IMP IGI IBA TAS IEA,IDA IGI ISS IBA TAS NAS IEA,IEA,IDA IBA IEA,TAS IEA","HIPK1,DDR2,PRKCZ,EPHA8,FGR,TESK2,ROR1,JAK1,PRKACB,PKN2,MERTK,MAP3K19,ACVR2A,ACVR1C,ACVR1,MYO3B,CDK15,BMPR2,NRP2,ERBB4,STK36,CAB39,ALK,LTBP1,PRKCE,EFEMP1,VRK2,AAK1,IRAK2,MYLK,KALRN,PIK3R4,EPHB1,TNIK,MAP3K13,TGFBR2,OXSR1,ULK4,SNRK,EPHA3,EPHA6,ALPK1,CAMK2D,PLK4,STK32B,KIT,EPHA5,CCNI,MAPK10,FER,CAMK4,TRIO,STK32A,CSF1R,CAMK2A,CCNJL,GRK6,FLT4,MAST4,CDK19,FYN,SGK1,MAP3K5,IGF2R,MAP3K4,RPS6KA2,MYLK4,PTK7,EPHA7,MET,TRIM24,HIPK2,BRAF,EPHB6,PRKAG2,SOSTDC1,MMD2,EGFR,BAZ1B,CDK6,BLK,TRIB1,PTK2,PDGFRL,FGFR1,PRKDC,RIPK2,STK3,ABL1,TEK,NTRK2,DAPK1,ROR2,FGFR2,CAMK1D,MYO3A,MAP3K8,MAPK8,PRKG1,CAMK2G,BMPR1A,ATM,SIK2,CHEK1,NUAK1,KSR2,TAOK3,PRKAB1,CIT,CAMKK2,CCND2,DCLK1,NEK5,PRKD1,PRKCH,ADCK1,RPS6KA5,VRK1,LRRK1,TTBK2,NTRK3,IGF1R,PRKCB,CCNF,PDPK1,SBK1,PHKB,ABR,MAP2K4,KSR1,NLK,CCL8,ERBB2,MAP3K14,MMD,PPM1D,MAP2K6,CSNK1D,PIK3C3,ALPK2,PLK5,BRD4,JAK3,MARK4,LMTK3,STK35,HCK,TOP1,SGK2,CSNK2A1,DYRK1A,RIPK4,SIK1,BCR"
500k-1m,True,4.6356938491536103e-07,1568,2851,333,0.116801122413188,0.212372448979592,GO:0030554,adenyl nucleotide binding,18134,4924,GO:0017076,"IEA,IEA,IEA,IEA,IMP IEA,IEA,IEA,IEA,IEA,IEA,IEA,IEA,IEA,IEA,IEA,IEA,NAS IEA,IEA,IEA,IDA,IEA,IDA IBA,IEA,IEA,IGI,IEA,IEA,IDA IEA,IEA,TAS IEA,IEA,IEA,IEA,IEA,IEA,IEA,IEA,IDA IEA,IEA,IEA,ISS IEA,IDA IEA,IMP ISS IEA,IEA,IEA,IEA,IEA,NAS IEA,TAS IEA,IEA,IEA,IEA,IDA IEA,IDA IEA,IEA,IDA IEA,IEA,IEA,IEA,IEA,IEA,IEA,TAS IEA,IEA,IEA,IEA,IEA,IEA,IEA,IEA,IEA,IEA,IEA,IEA,IEA,IEA,IEA,IEA,IEA,IEA,IDA IEA,IEA,IDA IEA,IEA,IEA,IEA,IEA,IEA,IEA,IEA,IEA,IEA,IEA,IEA,IEA,IEA,IEA,IEA,IEA,IEA,IEA,IEA,IEA,IDA IEA,IEA,IEA,IEA,IBA,IEA,IEA,IEA,IEA,IEA,IEA,IEA,IEA,IEA,IDA ISS IEA,IDA,IEA,IEA,IEA,IBA IEA,IEA,IEA,IEA,IDA IEA,IDA IEA,IEA,IDA NAS IEA,IEA,IEA,IEA,IBA TAS IEA,IEA,IEA,IEA,IEA,IEA,IEA,TAS IEA,IEA,IEA,IEA,IEA,IEA,IEA,IEA,IEA,IDA IEA,IEA,IEA,IEA,IEA,IEA,IEA,IEA,TAS IEA,IEA,IDA IEA,IEA,IEA,IEA,IEA,IEA,IEA,IEA,IEA,IEA,IDA IEA,IEA,IDA IEA,IEA,IDA IEA,IDA ISS IEA,IEA,IEA,IEA,IEA,IEA,IEA,IDA IBA IEA,IEA,IEA,IEA,TAS IEA,IEA,IDA IEA,IEA,IBA IEA,IEA,IEA,IEA,IEA,IEA,IEA,IDA IEA,IDA IEA,IEA,IEA,IDA IEA,IEA,IEA,IEA,TAS IEA,IEA,TAS IEA,IEA,IEA,IEA,IEA,IEA,IEA,IEA,IEA,IEA,IC IEA,IEA,IDA IEA,IEA,IEA,IEA,IEA,IEA,IEA,IEA,IEA,IEA,IEA,IEA,IEA,IEA,IEA,IEA,IEA,IDA IEA,IEA,IEA,IDA,IEA,IEA,IEA,IEA,IDA IEA,IEA,IEA,IEA,IEA,IEA,IEA,TAS,IEA,IEA,IEA,IEA,IEA,IEA,IEA,IEA,IEA,IEA,IEA,IEA,IEA,IEA,IEA,IEA,IEA,IEA,IEA,IEA,IEA,IEA,IEA,IEA,IEA,IEA,IEA,IEA,IDA IEA,ISS IEA,IEA,IEA,IEA,IEA,IEA,IEA,IEA,IEA,IEA,IEA,IEA,IEA,IEA,IEA,IEA,IEA,IEA,IEA,IDA IEA,IEA,NAS IEA,NAS IEA,IEA,IEA,IEA,IEA,IEA,IEA,IEA,IDA IEA,IEA,IEA,IEA,IEA,IEA,IBA IEA,IMP,IEA,IEA,IEA,IEA,IEA,IEA,IEA,IEA,IDA ISS IEA,IDA,IEA,IEA,TAS IEA,IEA,IEA","UBE4B,HIPK1,PKLR,CCT3,ATP1A2,DDR2,ADCY10,NADK,KCNT2,PRKCZ,ATP2B4,KIF17,EPHA8,ABCB10,NTPCR,KIF26B,RUNX3,FGR,TESK2,SCP2,CHD5,ACOT7,ROR1,JAK1,PDE4B,MSH4,TTLL7,PRKACB,PKN2,ABCA4,PIK3CD,MERTK,TTL,MAP3K19,ACVR2A,KIF5C,ACVR1C,ACVR1,FIGN,MYO3B,RAPGEF4,OLA1,MYO1B,CDK15,BMPR2,CPS1,ERBB4,ABCA12,STK36,IQCA1,ATAD2B,ALK,ABCG5,ABCG8,PRKCE,MSH6,VRK2,AAK1,HK2,DNAH6,IRAK2,ATP2B2,SYN2,MYLK,KALRN,MCM2,PIK3R4,ATP2C1,EPHB1,PCCB,GMPS,TNIK,ATP11B,MAP3K13,DGKG,ATP13A4,ATP13A3,TGFBR2,TRANK1,MLH1,OXSR1,ULK4,SNRK,KIF15,PRKAR2A,RAD54L2,MAGI1,SUCLG2,EPHA3,EPHA6,UBE2D3,ALPK1,CAMK2D,SPATA5,PLK4,PI4K2B,STK32B,KIT,EPHA5,KIAA0232,HELQ,MAPK10,ABCG2,PPIP5K2,FER,CAMK4,DDX46,SIL1,TRIO,STK32A,CSF1R,CAMK2A,ATP10B,MYO10,GRK6,FLT4,NADK2,HCN1,PDE4D,UBE2QL1,MAST4,ADCY2,ACOT12,CDK19,FYN,SGK1,MAP3K5,MTHFD1L,MAP3K4,PDE10A,RPS6KA2,KIF13A,MYLK4,ABCF1,DNAH8,PTK7,RUNX2,FARS2,EPHA7,MET,CFTR,UBE2H,LRGUK,DGKI,HIPK2,BRAF,DGKB,EPHB6,TPK1,PRKAG2,ABCB5,DNAH11,ADCY1,ABCA13,EGFR,PRKAR1B,BAZ1B,RFC2,ABCB4,CDK6,BLK,TRIB1,PTK2,ATP6V1B2,KIF13B,FGFR1,PRKDC,CHD7,RIPK2,STK3,SMC2,ABCA1,TTLL11,ABL1,ABCA2,CACNA1B,SMARCA2,TEK,DDX58,PIP5K1B,NTRK2,DAPK1,ROR2,FGFR2,CAMK1D,SEPHS1,PIP4K2A,MYO3A,MAP3K8,PFKP,KIF5B,MAPK8,PRKG1,PFKFB3,CAMK2G,ADK,BMPR1A,PI4K2A,DYNC2H1,ATM,SIK2,NLRX1,CHEK1,NAV2,DGKZ,DNHD1,PC,NLRP14,MYO7A,HSP90B1,NUAK1,MYO1H,TRPV4,KSR2,TAOK3,CIT,P2RX7,CAMKK2,ABCB9,AACS,EP400,PIK3C2G,NAV3,MYO16,ATP11A,ATP8A2,KATNAL1,DCLK1,VWA8,NEK5,ABCC4,DYNC1H1,TDRD9,KIF26A,TEP1,CHD8,PRKD1,NUBPL,PYGL,PSMC6,PRKCH,TTLL5,ADCK1,RPS6KA5,ITPK1,VRK1,LRRK1,DPH6,STARD9,TTBK2,EPB42,ATP8B4,SLC27A2,MYO1E,PKM,ACSBG1,NTRK3,IGF1R,MYH11,ABCC1,DNAH3,PRKCB,PDPK1,SBK1,SRCAP,TRAP1,ADCY9,DNAJA3,ABCC12,ABCC11,NOD2,CNGB1,TK2,ATP2C2,MYH13,MYH3,DNAH9,MAP2K4,MYO15A,KSR1,NLK,MYO1D,CCT6B,MYO19,ERBB2,ATP2A3,MAP3K14,KIF1C,HELZ,ABCA8,MAP2K6,MYO15B,DNAH17,CSNK1D,PIK3C3,MYO5B,ALPK2,ASNA1,PLK5,MYO9B,JAK3,ATP1A3,MARK4,CKM,LMTK3,TRPM4,MYH14,NLRP11,NLRP8,NLRP5,LONP1,KIF16B,STK35,ACSS1,TTLL9,HCK,CNBD2,TOP1,SGK2,CSNK2A1,UCKL1,GART,RUNX1,HLCS,DYRK1A,RIPK4,SIK1,SLC19A1,BCR,MYO18B,SYN3,TRMU,TTLL8"
