query_1,True,2.39089092805504e-05,149,1846,40,0.0216684723726977,0.268456375838926,GO:0060078,GO:BP,regulation of postsynaptic membrane potential,17916,17150,GO:0042391,"ISS IEA,IEA,ISS IEA,IEA,ISS IEA,IDA IEA,IGI ISS IEA,IEA,IEA,IEA,IBA,IEA,ISS IEA,IEA,ISS IEA,IBA IEA,IBA,IEA,ISS,IEA,ISS IEA,IEA,ISS,IEA,IEA,ISS IEA,IEA,IEA,IEA,ISS IEA,IBA,IBA,ISS IEA,ISS,IBA IEA,IEA,IEA,IEA,IEA,IGI","PRKCZ,GRIK3,NRXN1,IGSF11,TMEM108,WNT7A,NLGN1,PPP3CA,GRIA2,GLRA3,GABRA2,GABRB1,GRID2,ADRB2,GLRA1,GABRA1,GABRG2,GRIK2,RIMS1,GABRR1,RELN,KCND2,RIMS2,CHRNA6,GRID1,PTEN,GRIK4,IGSF9B,GRM5,MTMR2,GRIN2B,GABRG3,CHRNA7,CHRNA3,GRIN2A,ABAT,CELF4,GRIK5,SH3GL1,APP"
query_1,True,0.000270813045875944,415,1846,78,0.0422535211267606,0.18795180722891602,GO:0060537,GO:BP,muscle tissue development,17916,17564,GO:0009888,"IEA,IEA,IEA,ISS IEA,ISS,IEA,ISS IEA,IBA,IEA,IEA,IEA,IMP,ISS IEA,IMP IBA,IEA,ISS IEA,IEA,IEA,ISS,ISS IEA,IMP,IEA,ISS IEA,IEA,IEA,ISS IEA,ISS IEA,IEA,ISS,IEP,ISS IEA,IBA IEA,IEA,IEA,IEA,IEP ISS IEA,IEA,ISS,IMP ISS IEA,IBA IEA,IBA,IBA IEA,IEA,IDA ISS IEA,IEA,IEA,IEA,IEA,IMP,ISS,IEA,IMP IBA,IMP,IEA,IEA,ISS IEA,IEA,IEA,IEA,IEA,IGI,IEA,IEA,ISS IEA,ISS,IEA,ISS IEA,ISS IEA,IEA,IEA,IEA,IEA,ISS IEA,IEA,IMP,IEA,IEA,ISS","COL11A1,BCL9,PAX7,PROX1,SKI,ACTN2,RYR2,MYOM3,SLC9A1,HIVEP3,DMRTA2,ACVR1,LRP2,TTN,CREB1,ERBB4,DNER,HDAC4,SLC8A1,VGLL4,MYLK,HEG1,EPHB1,KCNAB1,RARB,USP19,ADAMTS9,PPP3CA,SORBS2,PKD2,PDLIM5,SGCD,HOMER1,JARID2,PI16,SHH,MEOX2,HDAC9,ZFPM2,GATA4,SGCZ,MYOM2,ADRA1A,NRG1,FGFR1,EYA1,RXRA,PAX5,FGF8,FGFR2,ITGA8,NEBL,SVIL,PTEN,TLL2,ARNTL,TENM4,NOX4,YBX3,ARID2,FRS2,DCN,METTL21C,EFNB2,AKAP6,ASB2,MEF2A,DLL4,NPRL3,RBFOX1,RARA,HLF,NOG,FHOD3,ALPK2,BCL2,NPHS1,FKBP1A"
query_1,True,0.00034546555755663,396,1846,75,0.0406283856988082,0.189393939393939,GO:0014706,GO:BP,striated muscle tissue development,17916,5236,GO:0060537,"IEA,IEA,IEA,ISS IEA,ISS,IEA,ISS IEA,IBA,IEA,IEA,IEA,IMP,ISS IEA,IMP IBA,IEA,ISS IEA,IEA,IEA,ISS,ISS IEA,IEA,ISS IEA,IEA,IEA,ISS IEA,ISS IEA,IEA,ISS,ISS IEA,IBA IEA,IEA,IEA,IEA,IEA,IEA,ISS,IMP ISS IEA,IBA IEA,IBA,IBA IEA,IEA,IDA ISS IEA,IEA,IEA,IEA,IEA,IMP,ISS,IMP IBA,IMP,IEA,IEA,ISS IEA,IEA,IEA,IEA,IEA,IGI,IEA,IEA,ISS IEA,ISS,IEA,ISS IEA,ISS IEA,IEA,IEA,IEA,IEA,ISS IEA,IEA,IMP,IEA,IEA,ISS","COL11A1,BCL9,PAX7,PROX1,SKI,ACTN2,RYR2,MYOM3,SLC9A1,HIVEP3,DMRTA2,ACVR1,LRP2,TTN,CREB1,ERBB4,DNER,HDAC4,SLC8A1,VGLL4,HEG1,EPHB1,KCNAB1,RARB,USP19,ADAMTS9,PPP3CA,SORBS2,PDLIM5,SGCD,HOMER1,JARID2,PI16,SHH,MEOX2,HDAC9,ZFPM2,GATA4,SGCZ,MYOM2,ADRA1A,NRG1,FGFR1,EYA1,RXRA,PAX5,FGF8,FGFR2,NEBL,SVIL,PTEN,TLL2,ARNTL,TENM4,NOX4,YBX3,ARID2,FRS2,DCN,METTL21C,EFNB2,AKAP6,ASB2,MEF2A,DLL4,NPRL3,RBFOX1,RARA,HLF,NOG,FHOD3,ALPK2,BCL2,NPHS1,FKBP1A"
query_1,True,0.00106616763592832,104,1846,29,0.0157096424702058,0.27884615384615397,GO:0099175,GO:BP,regulation of postsynapse organization,17916,22652,"c(""GO:0050807"", ""GO:0099173"")","IEA,IEA,IEA,IEA,IEA,IEA,IGI IEA,IEA,IEA,ISS IEA,ISS,ISS IEA,IEA,IEA,ISS IEA,IEA,IEA,ISS IEA,IEA,IDA IMP,ISS IEA,IEA,ISS,ISS,IEA,ISS IEA,IBA IEA,IEA,IEA","DNM3,ZNF804A,NRP2,NRXN1,KALRN,WNT7A,NLGN1,SLC7A11,GRID2,PDLIM5,HOMER1,FYN,LRFN2,EPHA7,RELN,NRCAM,DGKB,FZD9,PTPRD,ARHGAP22,PTEN,RAPSN,GRIN2B,SIPA1L1,NTRK3,SHISA6,ARHGAP44,PTPRS,TIAM1"
query_1,True,0.00165754666542957,68,1846,22,0.0119176598049837,0.323529411764706,GO:0099072,GO:BP,regulation of postsynaptic membrane neurotransmitter receptor levels,17916,22597,GO:0065008,"IBA IEA,IEA,IEA,IEA,IEA,IBA IEA,IEA,IEA,IEA,IBA,IEA,IEA,IEA,IEA,IBA IEA,IBA,IEA,IEA,IBA IEA,EXP IDA IMP,IBA,IBA","DNM3,PRKCZ,SNAP47,CLSTN1,DRD3,GRIP2,USP46,CPLX1,MAPK10,LRRC1,ADAM22,LGI1,DLG2,EFNB2,GPC6,GPHN,GSG1L,SHISA6,ARHGAP44,ITGB3,MX2,MX1"
query_1,True,0.00178917873087087,706,1846,114,0.0617551462621885,0.161473087818697,GO:0048514,GO:BP,blood vessel morphogenesis,17916,15053,"c(""GO:0001568"", ""GO:0035239"")","IEA,IEA,IDA IBA IEA,ISS IEA,TAS IEA,IMP,IEA,IBA IEA,ISS IEA,NAS IEA,ISS IEA,IEA,IEA,IMP,IEA,IDA,IEA,ISS IEA,ISS IEA,IMP,IEP,IDA,ISS IEA,IMP,IEA,IDA,ISS IEA,IBA IEA,IMP,NAS,IEA,IEP,TAS,IEA,IMP ISS,ISS,IMP,IMP,IDA IGI,ISS,IEP,IEA,IDA,ISS IEA,IGI IEA,IMP,NAS,IMP,IDA IGI,IBA,ISS IEA,IMP IEA,ISS IEA,IEA,IDA IEA,ISS,IBA TAS IEA,IMP,IEA,ISS,IEA,IEA,IDA IMP ISS IBA IEA,ISS,ISS IEA,ISS IEA,IEA,ISS,IMP,ISS IEA,IEA,IEA,IEA,ISS,ISS IEA,IMP,IBA,IEA,IEA,ISS,IEA,IDA,IEA,IDA IBA IEA,IMP IEA,IMP ISS IBA IEA,IMP IGI,IMP IGI IEA,ISS IEA,IMP,NAS,IDA IMP ISS IEA,IMP,IMP,ISS IEA,IEA,IEA,ISS IEA,IEA,IDA IBA,TAS,ISS IEA,IEA,IMP IEA,IMP,IEA,ISS IEA,IMP,IMP ISS NAS IEA,IBA,IMP,IDA,IMP,ISS","VAV3,PRRX1,VASH2,PROX1,HSPG2,AGO1,COL8A2,ACVR1,LRP2,NRP2,NRXN1,TGFA,DYSF,MYLK,HEG1,EPHB1,WNT7A,CCR2,ADAMTS9,ROBO1,EMCN,EGF,ENPEP,GAB1,FBXW7,FGFBP1,HPGD,VEGFC,SLIT2,CXCL13,ARHGAP24,PKD2,SPINK5,SGCD,RASA1,SEMA5A,ADTRP,SASH1,SMOC2,SRPK2,NRCAM,THSD7A,HIPK2,SHH,MEOX2,HDAC9,GPNMB,AQP1,BMPER,RAMP3,SEMA3E,KRIT1,ASB4,ZFPM2,ANGPT1,GATA4,PTK2,LOXL2,FGFR1,SFRP1,EYA1,ABL1,TEK,SLC1A1,TMEM2,SYK,FGF8,FGFR2,ADAM12,ALOX5,ARHGAP22,ZMIZ1,PTEN,HHEX,PARVA,STIM1,AMOTL1,ARID2,MMP19,LRP1,PTPRB,DCN,ELK3,EFNB2,COL4A1,FLT1,STARD13,PRKD1,NRXN3,CHRNA7,SLC12A6,DLL4,RORA,PKM,CTSH,ANPEP,NPRL3,PRKCB,MMP2,CDH13,ITGB3,NOG,BCAS3,PIK3R6,ROCK1,TCF4,CCBE1,PTPRM,JAG1,ISM1,RIN2,PLCG1,PTGIS,RUNX1"
query_1,True,0.00191935570453169,793,1846,125,0.0677139761646804,0.15762925598991198,GO:0001568,GO:BP,blood vessel development,17916,478,"c(""GO:0001944"", ""GO:0048856"")","IEA,IEA,IDA IBA IEA,ISS IEA,TAS IEA,IMP,IEA,IBA IEA,ISS IEA,NAS IEA,IEA,ISS IEA,IEA,IEA,IEA,IMP,IEA,IDA,IEA,ISS IEA,ISS IEA,ISS,IMP ISS,IEP,IDA,ISS IEA,IMP,IEA,IDA,ISS IEA,IBA IEA,IMP,IEA,NAS,IEA,IEP ISS IEA,TAS,IEA,IEA,IMP ISS,ISS,IMP,IMP,IDA IGI,ISS,IEP,IEA,IDA,ISS IEA,IGI IEA,IMP,NAS,IMP,IDA IGI,IEA,IBA,ISS IEA,IMP IEA,ISS IEA,IEA,IDA ISS IEA,ISS,IBA TAS IEA,IMP,IEA,ISS,IEA,IEA,IEA,IDA IMP ISS IBA IEA,ISS,ISS IEA,IEA,ISS IEA,IEA,ISS,IMP,ISS IEA,IEA,IEA,IEA,ISS,IEA,ISS IEA,IMP,IBA,IEA,IEA,IEA,ISS,IEA,IDA,IEA,IDA IBA IEA,IMP IEA,IMP ISS IBA IEA,IMP IGI,IMP IGI IEA,ISS IEA,IMP,NAS,IDA IMP ISS IEA,IMP,IMP,ISS IEA,IEA,IEA,ISS IEA,IEA,IDA IBA,TAS,IMP IBA IEA,ISS IEA,IEA,IMP IEA,IMP,IEA,ISS IEA,IMP,IMP ISS NAS IEA,IBA,IMP,IDA,IMP,ISS","VAV3,PRRX1,VASH2,PROX1,HSPG2,AGO1,COL8A2,ACVR1,LRP2,NRP2,LTBP1,NRXN1,ANTXR1,TGFA,DYSF,MYLK,HEG1,EPHB1,WNT7A,CCR2,ADAMTS9,ROBO2,ROBO1,EMCN,EGF,ENPEP,GAB1,FBXW7,FGFBP1,HPGD,VEGFC,SLIT2,ANKRD17,CXCL13,ARHGAP24,PKD2,SPINK5,SGCD,ADAMTS6,RASA1,SEMA5A,ADTRP,SASH1,SMOC2,SRPK2,NRCAM,THSD7A,HIPK2,SHH,MEOX2,HDAC9,GPNMB,AQP1,BMPER,GLI3,RAMP3,SEMA3E,KRIT1,ASB4,ZFPM2,ANGPT1,GATA4,PTK2,LOXL2,FGFR1,SFRP1,EYA1,ABL1,COL5A1,TEK,SLC1A1,TMEM2,PCSK5,SYK,FGF8,FGFR2,ADAM12,ALOX5,ARHGAP22,ZMIZ1,PTEN,HHEX,DYNC2H1,PARVA,STIM1,AMOTL1,PRICKLE1,ARID2,MMP19,LRP1,PTPRB,DCN,ELK3,EFNB2,COL4A1,FLT1,STARD13,PRKD1,NRXN3,CHRNA7,SLC12A6,DLL4,RORA,PKM,CTSH,ANPEP,NPRL3,PRKCB,MMP2,CDH13,ITGB3,COL1A1,NOG,BCAS3,PIK3R6,ROCK1,TCF4,CCBE1,PTPRM,JAG1,ISM1,RIN2,PLCG1,PTGIS,RUNX1"
query_1,True,0.00207507659408676,335,1846,64,0.0346695557963164,0.19104477611940301,GO:1990778,GO:BP,protein localization to cell periphery,17916,29315,GO:0034613,"IEA,IEA,IEA,IMP IEA,IMP,IBA,IEA,IDA ISS,IDA,TAS,IDA IBA,ISS,IMP IGI IEA,IEA,IBA IEA,IMP,IMP,ISS IBA IEA,IDA IMP,IDA IMP,IDA,IBA,IGI ISS IBA,ISS,IEA,IEA,IMP,ISS,ISS,IBA,IDA IBA,ISS,IDA IBA,IEA,IMP,IEA,IEA,IMP IGI ISS IBA,IEA,ISS,IEA,IEA,IEA,IPI,ISS IEA,IGI,IBA IEA,IDA,IMP IBA,TAS,IBA,IDA IBA,IEA,IEA,IEA,IEA,IBA IEA,IBA,IMP IGI,IBA,IEA,ISS,IEA,IDA IBA","PRKCZ,NFASC,SNAP47,ACTN2,EPB41,RAB3B,CLSTN1,DPP10,PID1,PRKCE,TTC7A,NRXN1,SPTBN1,MAL,GRIP2,TNIK,CLASP2,STAC,GOLGA4,ZDHHC3,EPHA3,ARL13B,ANK2,KCNIP4,CPLX1,MAPK10,TSPAN5,MAP7,PACSIN1,LRRC1,MRAP2,DPP6,RAMP3,ADAM22,ZDHHC2,RAB11FIP2,GPR158,ANK3,LGI1,SORBS1,RAPSN,TUB,DLG2,LRP6,RILPL1,LRP1,GPC6,AMN,PACS2,PRKCH,GPHN,TTC7B,WDR72,GRIN2A,ATP2C2,SHISA6,ARHGAP44,RAB40B,ROCK1,RAB12,PALM,KCNB1,LAMA5,MRAP"
query_1,True,0.00266803243125292,45,1846,17,0.00920910075839653,0.377777777777778,GO:0050919,GO:BP,negative chemotaxis,17916,15679,GO:0006935,"IEA,IEA,IDA,IDA,IDA IMP IBA,ISS IEA,IDA IBA,ISS,IEA,IBA,IBA IEA,IEA,IEA,IEA,IBA,IBA,IMP","DPP4,NRP2,ROBO2,ROBO1,SLIT2,UNC5C,SLIT3,EPHA7,PLXNA4,SEMA3E,SEMA3A,NRG1,NRG3,FLRT2,SEMA6D,SEMA4B,ITGB3"
query_1,True,0.00418779271078854,1740,1846,238,0.128927410617551,0.136781609195402,GO:0009967,GO:BP,positive regulation of signal transduction,17916,4308,"c(""GO:0007165"", ""GO:0009966"", ""GO:0010647"", ""GO:0023056"", ""GO:0048584"")","IEA,IDA,IDA,IDA,ISS,IEA,IDA,ISS IEA,IMP ISS IEA,IEA,TAS,IDA,NAS,IGI IEA,IMP,IDA IEA,IEA,IMP,IMP IBA,HMP,IMP,IMP,TAS,IEA,IBA IEA,IMP,IDA,ISS,IDA ISS IEA,IEA,IEA,IMP IEA,IGI,IMP TAS IEA,IDA ISS TAS,IEA,TAS IEA,IMP ISS IEA,IEA,IDA IMP IEA,IDA ISS IEA,IDA,ISS IBA IEA,IDA IBA TAS,IEA,TAS,ISS IEA,IEA,TAS NAS,IEA,TAS,ISS IEA,IEA,IDA IBA IEA,IEA,IDA IMP,IGI ISS IEA,IMP,ISS,IBA,ISS,IMP ISS,IEA,IDA NAS,IDA IMP TAS IEA,IDA,IDA,TAS,IEA,TAS,IMP,IDA IMP IEA,IEA,IDA,IDA IC IEA,IDA IMP IBA TAS IEA,ISS IEA,IDA,TAS,TAS,IEA,IMP,IMP,IMP,TAS,IMP,IDA IGI IEA,IEA,IEA,IEA,ISS IEA,IC,ISS,IMP,TAS IEA,ISS IBA TAS,IMP TAS,IMP IBA,TAS,IDA IMP,IDA,IDA IEP,ISS IBA IEA,ISS,IDA ISS IBA IEA,ISS,IDA,ISS IEA,IMP,IDA IEA,IDA ISS IEA,IC IEA,IDA,IGI,IDA,IDA IEA,ISS,ISS IEA,IEA,TAS,IMP,ISS,IDA IEA,IDA NAS IEA,ISS IEA,IEA,IMP,IEA,IDA ISS IEA,IMP TAS IEA,IDA IMP TAS IEA,IDA IMP IGI IEA,IEA,IDA ISS TAS IEA,IEA,HMP,TAS,IEA,IEA,IDA IMP IBA IEA,IGI,IDA IMP IBA,IDA IMP ISS IBA,IDA,IEA,IEA,TAS IEA,IMP,IDA,IMP ISS TAS,IEA,IBA,ISS IEA,IMP ISS IEA,ISS,ISS,ISS TAS IEA,IEA,IMP,IDA,ISS IEA,IEA,TAS,TAS,IEA,IEA,IEA,IEA,TAS,IDA IMP TAS IEA,IEA,IMP IBA,IDA TAS,IEA,TAS IEA,IDA IEA,TAS IEA,IDA,IDA,IDA IMP,TAS IEA,IBA,IBA,IMP,ISS,IMP,IDA ISS,ISS IEA,IEA,ISS TAS,IDA IBA TAS,IBA,ISS IEA,IMP,ISS IEA,IDA,IEA,IMP,IDA ISS IEA,TAS,IEA,TAS,IMP ISS,IDA,IDA IBA TAS IEA,HMP,ISS IBA IEA,ISS IBA TAS,IMP,ISS IEA,IBA IEA,IDA,IMP,TAS,HMP,IMP,IEA,IDA,TAS,ISS IEA,TAS,HMP,IEA,IEA,IDA IBA IEA,IEA,IDA IBA IEA,IDA,IDA,IEA,IEA,IDA,IDA NAS IEA,IGI,IEA,IDA,IMP IGI IBA TAS IEA,IEA","VAV3,S100A9,FCRL3,PYHIN1,NOS1AP,PRRX1,CDC73,PTPRC,PRKCZ,CNTN2,IL20,SLC30A10,SKI,DISC1,GPR137B,SLC9A1,AGO1,RNF220,ROR1,PLEKHG5,CAMTA1,BCAR3,PIK3CD,NCK2,EDAR,SH3RF3,MGAT5,MBD5,ACVR1,GRB14,TTC21B,STK39,LRP2,ERBB4,IRS1,ITSN2,ALK,EIF2AK2,PRKCE,FSHR,NRXN1,USP34,SPRED2,TGFA,MAL,IRAK2,DRD3,IGSF11,CD80,CNTN6,CD86,TMEM108,TF,WNT7A,GRIP2,TNIK,NLGN1,TBL1XR1,CCR2,ARHGEF3,ROBO2,ROBO1,BANK1,DKK2,EGF,ALPK1,IL21,MAML3,IL15,GAB1,NR3C2,FBXW7,FGFBP1,HTT,MSX1,KIT,EVC,ANKRD17,BTC,FGF5,MAPK10,PKD2,TSPAN5,PJA2,NRG2,SH3RF2,ADRB2,MSX2,SKP2,ITGA1,CARTPT,HOMER1,SEMA5A,GCNT2,FYN,TRDN,RNF146,SASH1,ESR1,PARK2,SMOC2,GRM4,DAAM2,RIMS1,BMP6,PHIP,MRAP2,RELN,HIPK2,BRAF,SHH,GPNMB,BMPER,RAMP3,MMD2,GRB10,AUTS2,FZD9,MAGI2,SEMA3A,UBR5,RIMS2,ANGPT1,RSPO2,GATA4,WISP1,PTK2,SH2D4A,ADRA1A,NRG1,FGFR1,SFRP1,RB1CC1,LYN,PAG1,NEK6,PSMB7,LURAP1L,ABL1,TRAF2,MLLT3,TEK,CCL19,GLIPR2,SYK,GOT1,FGF8,SHOC2,ADRA2A,FGFR2,ITGA8,NET1,ZMIZ1,PTEN,HHEX,SORBS1,PIK3AP1,DYNC2H1,PPP2R1B,IL10RA,ARNTL,IGSF9B,PSMA1,PSMD13,CAT,ARHGAP1,CTSC,NOX4,MAML2,PTPN11,NOS1,TAOK3,NTF3,LRP1,FRS2,LGR5,KITLG,DCN,CENPJ,FLT1,KL,GPC5,TRAF3,PRKD1,AKAP6,PRKCH,CHRNA7,DLL4,CTSH,RASGRF1,NTRK3,IGF1R,PRKCB,WDR59,WWOX,CDH13,ABAT,MYO1C,KSR1,PSMD11,GAS2L2,ITGB3,MINK1,COL1A1,MAP2K6,SECTM1,PIK3R6,PIK3R5,ROCK1,RIT2,RNF165,CCBE1,TNFRSF11A,BCL2,SLC44A2,PDCD5,LSM14A,TRPM4,VAV1,JAG1,PSMF1,FKBP1A,SLA2,TGM2,RBCK1,ADA,SULF2,RASSF2,PTGIS,DOK5,FERMT1,PLCB1,RSPO4,APP,TIAM1,MRAP,BID,PRR5"
query_1,True,0.00486417128270461,42,1846,16,0.008667388949079091,0.38095238095238104,GO:1903539,GO:BP,protein localization to postsynaptic membrane,17916,26767,"c(""GO:0062237"", ""GO:0072657"", ""GO:1990778"")","IEA,IEA,IEA,IBA IEA,IEA,IEA,IBA,IEA,IEA,IEA,IEA,IBA IEA,IBA,IEA,IEA,IBA IEA","PRKCZ,SNAP47,CLSTN1,GRIP2,CPLX1,MAPK10,LRRC1,ADAM22,LGI1,RAPSN,DLG2,GPC6,GPHN,GRIN2A,SHISA6,ARHGAP44"
query_1,True,0.00763028003549592,144,1846,34,0.0184182015167931,0.236111111111111,GO:0031644,GO:BP,regulation of nervous system process,17916,8475,"c(""GO:0044057"", ""GO:0050877"")","ISS IEA,IEA,IEA,ISS IEA,IEA,ISS,ISS IEA,IDA IEA,IGI ISS IEA,IMP,IEA,IEA,IMP,IEA,IDA,IEA,IMP IBA,ISS,ISS IEA,ISS,ISS,ISS IEA,IEA,ISS IEA,IEA,ISS IEA,ISS,IEA,IEA,IEA,IEA,IEA,IEA,IGI","PRKCZ,SLC9A1,OPRD1,NRXN1,IGSF11,MGLL,TMEM108,WNT7A,NLGN1,FGF12,FAM19A4,ADRB2,GLRA1,ITGA2,CARTPT,HOMER1,TNFRSF21,RIMS1,RELN,RIMS2,PARD3,PTEN,IGSF9B,TENM4,CTSC,MTMR2,CHRNA7,SHISA9,ABAT,SHISA6,CELF4,SH3GL1,CST7,APP"
query_1,True,0.008252459709100029,30,1846,13,0.007042253521126759,0.4333333333333329,GO:0071711,GO:BP,basement membrane organization,17916,19968,GO:0030198,"IDA,IBA,TAS,IMP IGI,IEA,IMP IGI,IMP,IBA,IEA,IBA,IMP,ISS IEA,IEA","CTSS,LAMB3,NID1,CLASP1,FSHR,PHLDB2,CLASP2,LAMB4,GAS2,NTN4,COL4A1,FLRT2,FERMT1"
query_1,True,0.000302889236526857,59,1919,20,0.0104220948410631,0.338983050847458,GO:0045178,GO:CC,basal part of cell,18856,2465,GO:0110165,"IEA,IDA,IEA,IDA,IBA,IDA IBA,IDA,IDA,IDA IEA,IEA,IEA,NAS,IDA,IEA,IDA,IDA,IDA,ISS IEA,IDA,ISS","ADCY10,CHRM3,KCNQ4,CLASP1,ERBB4,PHLDB2,TF,CLASP2,PKD2,ITGA1,ITGA2,DST,AQP1,CLDN4,TEK,ANK3,ABCC1,SLC7A5,MYO1C,SLC1A5"
query_1,True,0.0012847712309362199,426,1919,74,0.0385617509119333,0.173708920187793,GO:0005874,GO:CC,microtubule,18856,522,"c(""GO:0015630"", ""GO:0099513"")","IEA,IDA,IEA,IDA IBA IEA,IEA,IBA IEA,NAS,ISS,IEA,IDA ISS TAS IEA,IBA,IBA,IDA,IEA,IBA,IEA,IEA,IDA,IEA,IEA,IDA TAS IEA,IBA IEA,IEA,IEA,IEA,IDA IBA IEA,IEA,IEA,IEA,IEA,IDA IEA,IEA,IDA,ISS IEA,IEA,IDA IEA,IDA IEA,IEA,IDA,IEA,IEA,IDA IEA,IEA,IEA,ISS,IDA IEA,IDA IEA,IEA,IEA,IMP,IDA IEA,IEA,IDA IEA,IEA,IDA IBA IEA,IBA IEA,IDA,IEA,IDA IEA,IEA,IEA,IEA,IEA,IMP,IDA,IBA IEA,ISS IEA,IDA,IEA,IDA IEA,IEA,IEA,ISS IEA,IMP","SPAG17,KIFAP3,DNM3,KIF14,DISC1,KIF26B,TRIM63,KCNAB2,TTLL7,CLASP1,NCKAP5,TTC30B,ZNF804A,MAP2,DCDC2C,RMDN2,SLC8A1,LRPPRC,EML6,DYSF,CLASP2,KIF15,DNAH1,JAKMIP1,SHROOM3,APC,DNAH5,CEP57L1,MAP7,DNAH8,DST,DNAH11,RADIL,CLIP2,DYNC1I1,SYBU,NDRG1,MTUS1,DPYSL2,RP1,STAU2,CDK5RAP2,NEK6,ODF2,SVIL,DYNC2H1,CLMP,DCDC1,STIM1,NAV3,TUBGCP3,CENPJ,MTUS2,EML1,DYNC1H1,KIF26A,MTA1,TTLL5,KNSTRN,INO80,HAUS2,DNAH3,DNAH9,GAS2L2,CDC27,KIF1C,BCAS3,SEPT9,TPGS2,KATNAL2,MAP1LC3A,TIAM1,SYNJ1,GAS2L1"
query_1,True,0.00219649619184501,1248,1919,175,0.0911933298593017,0.140224358974359,GO:0015630,GO:CC,microtubule cytoskeleton,18856,856,GO:0005856,"IEA,IDA,IDA ISS IBA IEA,IBA IEA,IEA,IDA IBA IEA,IDA,IDA IEA,IEA,IDA IBA IEA,IBA IEA,NAS,IDA,IDA IEA,ISS,IDA,IEA,IDA,IEA,IDA,IEA,IEA,IDA ISS TAS IEA,IBA,IDA IEA,IBA,IEA,IDA,IDA IEA,TAS IEA,IDA,IDA IEA,IBA,IDA IEA,IEA,IDA,IEA,IBA,IDA,IDA IEA,IDA IBA IEA,ISS IBA IEA,IDA,IEA,IDA,IDA,IDA IMP TAS IEA,IBA TAS IEA,IDA,IDA IEA,IDA IBA NAS IEA,IDA,ISS IEA,IDA,IDA IBA IEA,IDA,ISS IEA,IDA IEA,IEA,IEA,IDA IEA,IDA,IDA IBA IEA,IDA IMP IBA IEA,IEA,IDA IBA TAS IEA,IBA IEA,IBA IEA,IDA IBA TAS IEA,IBA NAS IEA,IDA IEA,IDA IEA,IEA,IEA,IDA,IBA,IDA IBA NAS IEA,IBA IEA,IDA IEA,IEA,IDA,ISS TAS IEA,IDA IEA,IDA ISS IBA TAS IEA,IDA IEA,IDA IEA,IEA,IDA IEA,IDA IBA IEA,IDA,ISS IEA,IEA,IEA,IEA,IDA IEA,IEA,IDA IEA,IDA IEA,IDA,IDA,IDA,IDA IEA,IEA,IDA IBA IEA,IDA,ISS,IDA,IDA IBA IEA,IDA IEA,IEA,IDA IBA IEA,IDA,IDA IEA,IDA IEA,IEA,IDA,IDA IEA,IDA,IBA,IDA,IDA,ISS IEA,IDA IEA,IEA,IDA IBA,IMP,IDA IEA,IDA IBA NAS IEA,IDA IBA NAS IEA,IDA IEA,IDA ISS IBA TAS IEA,IDA IBA NAS IEA,IBA IEA,IDA,IDA IBA IEA,IDA,IDA IEA,IDA,IDA IEA,IBA,IDA IEA,IEA,IDA IEA,IDA IBA IEA,IBA NAS IEA,IDA,IDA,IBA IEA,IDA,IMP IEA,IDA,IBA,IDA,IBA IEA,ISS IEA,IDA IBA,IDA,IEA,IDA,IEA,IDA IEA,IDA IEA,IDA IBA IEA,IEA,IDA,IDA IEA,IDA,IEA,IEA,ISS IEA,IBA,IBA,IEA,IMP,IBA","SPAG17,ADCY10,KIFAP3,DNM3,PRKCZ,KIF14,SKI,DISC1,FMN2,SDCCAG8,KIF26B,TRIM63,EPB41,AGBL4,KCNAB2,KANK4,PDE4B,LRRC7,TTLL7,PRKACB,EVI5,TMEM201,CLASP1,NCKAP5,RIF1,TTC30B,CCDC141,ZNF804A,HECW2,MAP2,ITSN2,BIRC6,DCDC2C,RMDN2,SLC8A1,LRPPRC,EML6,EHBP1,SLC1A4,DYSF,ALMS1,IFT57,PIK3R4,TOPBP1,STAG1,TBL1XR1,CLASP2,KIF15,PRKAR2A,POC1A,DNAH1,ATXN7,RAB28,FNIP2,CEP44,HTT,EVC,CRMP1,JAKMIP1,SHROOM3,PKD2,FER,APC,DNAH5,NR3C1,DCTN4,PDE4D,CEP57L1,MAP7,DNAH8,PKHD1,DST,EYS,KMT2E,PODXL,MICALL2,MAD1L1,DNAH11,BBS9,VPS41,RADIL,CLIP2,CCDC146,DYNC1I1,SYBU,NDRG1,PTK2,MTUS1,ARHGEF10,DPYSL2,RP1,FAM110B,MCPH1,STAU2,CDK5RAP2,STRBP,NEK6,ODF2,SPTAN1,DBH,TEK,DCAF12,TACC2,C10orf90,ANKRD26,SVIL,SORBS1,DYNC2H1,CLMP,PKNOX2,BRSK2,PSMA1,PLEKHA7,DCDC1,STIM1,RAPSN,AGBL2,DPF2,TSGA10IP,CTSC,NUAK1,RILPL1,ERC1,LRMP,ESPL1,NAV3,CEP290,TUBGCP3,CENPJ,MTUS2,EML1,DYNC1H1,KIF26A,MTA1,KIAA0586,DAAM1,TTLL5,IFT43,CEP128,CCDC88C,KNSTRN,INO80,HAUS2,IFT140,DNAH3,ATP6V0D1,CHMP1A,DNAH9,RAP1GAP2,GAS2L2,CDC6,SMTNL2,CDC27,KIF1C,BCAS3,SEPT9,PIK3R5,ROCK1,KCTD1,TPGS2,KATNAL2,CCDC68,RTTN,MAP1LC3A,CTNNBL1,CDC25B,CDH26,APP,TIAM1,SYNJ1,MX2,MX1,TTC28,GAS2L1,SMTN"
query_1,True,0.00275064964099009,252,1919,49,0.0255341323606045,0.19444444444444395,GO:0099568,GO:CC,cytoplasmic region,18856,3822,GO:0005737,"IBA IEA,IBA IEA,IEA,IDA,ISS,IEA,IDA,IBA,ISS,ISS IBA IEA,ISS IEA,ISS IEA,IEA,IEA,IDA IBA,ISS IEA,IEA,IEA,IDA,IDA,IDA IMP IBA NAS IEA,IEA,IEA,IDA IEA,IEA,IDA IMP IBA IEA,IEA,IDA IBA NAS,IEA,IBA,IDA IBA IEA,IEA,TAS IEA,IBA,IEA,IBA IEA,IDA,IBA IEA,IEA,IEA,IBA,IEA,ISS IBA IEA,IBA NAS,IDA IBA IEA,IEA,IDA,IEA,IEA","SPAG17,KIFAP3,PRKCZ,EPB41,GRIK3,AGBL4,CLASP1,TTC30B,MAP2,SPAG16,ATG16L1,WDPCP,CTNNA2,IFT57,PHLDB2,PIK3R4,TMEM108,KCNAB1,CLASP2,PRKAR2A,DNAH1,ERC2,ARL13B,PKD2,AP3S1,DNAH5,GRIK2,DNAH8,DST,RIMS1,DNAH11,GLI3,PCLO,RIMS2,SYBU,RP1,ARMC4,DYNC2H1,DLG2,DYNC1H1,UNC13C,AP3S2,IFT140,DNAH3,DNAH9,KIF1C,SEPT9,RAB27B,ADA"
query_1,True,0.007267005110174459,995,1919,142,0.0739968733715477,0.14271356783919598,GO:0099512,GO:CC,supramolecular fiber,18856,3815,GO:0099081,"IDA IBA NAS,ISS IBA IEA,IEA,ISS IEA,IDA,IEA,IDA IBA IEA,IEA,IDA TAS IEA,IDA ISS IBA IEA,IEA,ISS IBA IEA,IBA IEA,NAS IEA,ISS,ISS,IEA,IDA ISS TAS IEA,IBA,IBA,IDA IBA,IDA,IDA,IEA,IEA,IDA,IBA,IEA,ISS IEA,IDA,IEA,IEA,IBA,ISS IEA,IEA,IDA TAS IEA,IDA,IBA IEA,IEA,ISS IEA,IEA,ISS IEA,NAS,IEA,IEA,IDA,IBA,IDA IBA IEA,ISS,IDA TAS IEA,IEA,ISS IEA,IEA,IEA,IEA,IEA,IEA,IEA,IDA IBA IEA,IEA,IBA,IEA,IDA,ISS IEA,IEA,IDA IEA,IDA IEA,IDA ISS IBA,NAS,IEA,IBA IEA,IDA,IEA,IEA,IEA,IEA,IEA,IDA IEA,IEA,IEA,IMP IBA TAS,IDA,IDA IBA NAS,IDA ISS,ISS TAS,IDA ISS IEA,IDA IBA IEA,IDA IEA,IDA IEA,IEA,TAS,IEA,IEA,IEA,ISS,IDA IBA IEA,IEA,IMP,IEA,IDA IEA,IEA,IDA IEA,IMP ISS IBA IEA,IEA,IDA IBA IEA,IBA IEA,IDA,IDA IEA,IEA,IDA IEA,IEA,IEA,IDA IEA,IEA,IEA,IEA,NAS IEA,IEA,IDA,IMP,IBA,IEA,IBA,IDA,IMP,IDA IMP IBA IEA,IBA IEA,ISS IEA,IDA,IEA,IEA,IDA IEA,IDA,IDA,IEA,IEA,IEA,IEA,ISS IEA,IMP,IBA,IEA","COL11A1,CASQ2,SPAG17,NOS1AP,KIFAP3,DNM3,KIF14,DISC1,ACTN2,RYR2,FMN2,MYOM3,KIF26B,TRIM63,KCNAB2,PDE4B,TTLL7,CLASP1,NCKAP5,TTC30B,TTN,ZNF804A,MYO1B,MAP2,HDAC4,LTBP1,DCDC2C,RMDN2,SLC8A1,LRPPRC,SPTBN1,EML6,EHBP1,SLC1A4,DYSF,CLASP2,SCN5A,KIF15,DNAH1,CACNA1D,PPP3CA,ANK2,SORBS2,JAKMIP1,SHROOM3,PKD2,PDLIM5,APC,KCNN2,FBN2,DNAH5,DPYSL3,DCTN4,HOMER1,CEP57L1,FYN,MAP7,DNAH8,DST,CALD1,MICALL2,DNAH11,RADIL,CLIP2,DYNC1I1,SYBU,NDRG1,EPPK1,DLGAP2,MTUS1,MYOM2,DPYSL2,ADRA1A,RP1,STAU2,JPH1,COL27A1,CDK5RAP2,NEK6,ODF2,COL5A1,TEK,NEBL,SVIL,ANK3,VCL,LDB3,DYNC2H1,CLMP,PARVA,GAS2,DCDC1,STIM1,NOS1,CACNA1C,COL2A1,KCNA5,NAV3,DCN,TUBGCP3,CENPJ,MTUS2,LCP1,EML1,DYNC1H1,KIF26A,MTA1,SYNE2,TTLL5,KNSTRN,INO80,HAUS2,FBN1,THSD4,DNAH3,MMP2,MYH3,DNAH9,MYO1C,GAS2L2,WIPF2,KRT33A,SMTNL2,CDC27,MYL4,COL1A1,KIF1C,BCAS3,SEPT9,FHOD3,TPGS2,KATNAL2,ADAMTS10,FKBP1A,MAP1LC3A,KRTAP24-1,KRTAP15-1,TIAM1,SYNJ1,GAS2L1,SMTN,PARVB"
query_1,True,8.76584279525106e-05,345,1889,68,0.0359978824775013,0.197101449275362,GO:0015631,GO:MF,tubulin binding,18134,3384,GO:0008092,"TAS IEA,IBA,ISS IBA IEA,IDA,IEA,IBA IEA,ISS IEA,IEA,IDA,IDA IMP IEA,IBA TAS IEA,IEA,IDA TAS,IBA,IEA,IBA,IDA,IDA IEA,IBA IEA,IDA,IEA,IPI IEA,IDA IEA,IEA,IBA IEA,ISS IEA,IPI,IDA,IBA,IDA IBA IEA,IEA,ISS IEA,IDA,ISS,IDA IEA,IEA,IDA,IBA,IEA,ISS IEA,IEA,IDA IPI,IEA,IBA,IEA,IDA,IDA,IDA,IDA IBA IEA,IDA IEA,IDA IBA,IDA IMP ISS IBA IEA,ISS IBA IEA,IBA,IMP,ISS,IEA,IEA,IBA IEA,IDA,IEA,IPI,IBA,IBA IEA,IEA,IBA,IBA,IEA","S100A9,DNM3,KIF14,VASH2,FMN2,KIF26B,AGBL4,PDE4B,TTLL7,CLASP1,MAP2,DPYSL5,LRPPRC,EML6,DYSF,ALMS1,REEP1,CLASP2,KIF15,HTT,JAKMIP1,UNC5C,APC,JAKMIP2,CEP57L1,FYN,PARK2,PACRG,STMND1,DST,VPS41,CLIP2,KRIT1,DYNC1I1,NCALD,SYBU,NDRG1,MTUS1,DPYSL2,RP1,LYN,CDK5RAP2,STRBP,C10orf90,GAS2,DCDC1,STIM1,NAV3,TUBGCP3,CENPJ,MTUS2,EML1,KIF26A,CCDC88C,INO80,AGBL1,SLC6A2,GAS2L2,KIF1C,BCAS3,KATNAL2,PDCD5,MAP1LC3A,STMN3,TIAM1,MX2,MX1,GAS2L1"
query_1,True,0.00019583320915304899,131,1889,34,0.0179989412387507,0.25954198473282397,GO:0044325,GO:MF,ion channel binding,18134,7126,GO:0005515,"IPI,IPI IEA,ISS,ISS IBA,IPI,ISS,IEA,ISS IEA,IBA IEA,IPI,IPI ISS IBA,IPI ISS,IDA,IPI,IPI ISS IBA IEA,IPI,IEA,ISS IBA,IBA,ISS IBA,IPI,ISS IBA,IEA,IPI,IEA,ISS TAS,IBA,IPI IBA,IDA,IBA IEA,IPI,IEA,ISS TAS,IPI","KCND3,ACTN2,RYR2,PDE4B,DPP10,SLC8A1,KCNAB1,FGF12,STAC,SCN5A,ANK2,CAMK2D,HTT,PKD2,PDE4D,HOMER1,FYN,TRDN,RIMS1,RIMS2,LYN,ANK3,KCNC1,KCNQ1,PANX1,NOS1,PACS2,AKAP6,USP10,PIRT,ATP2A3,SH3GL1,FKBP1A,KCNB1"
query_1,True,0.00022750424251803702,61,1889,21,0.0111169931180519,0.344262295081967,GO:0022835,GO:MF,transmitter-gated channel activity,18134,4708,"c(""GO:0022834"", ""GO:0030594"")","IDA ISS IBA IEA,IDA ISS IBA TAS NAS IEA,IDA IEA,IDA IBA IEA,IDA IMP IEA,IBA IEA,IEA,IDA IBA IEA,IDA IBA IEA,IDA IBA TAS IEA,IEA,TAS IEA,IBA IEA,IGI IEA,IBA TAS IEA,IDA IMP ISS IBA TAS IEA,IBA IEA,IDA ISS IEA,IDA ISS TAS IEA,IDA IMP ISS IBA TAS IEA,IDA IBA IEA","GRIK3,GRIA2,GLRA3,GABRA2,GABRB1,GRID2,GLRA1,GABRA1,GABRG2,GRIK2,GABRR1,CHRNA6,GRID1,HTR3B,GRIK4,GRIN2B,GABRG3,CHRNA7,CHRNA3,GRIN2A,GRIK5"
query_1,True,0.00022750424251803702,61,1889,21,0.0111169931180519,0.344262295081967,GO:0022824,GO:MF,transmitter-gated ion channel activity,18134,4701,"c(""GO:0005230"", ""GO:0022835"")","IDA ISS IBA IEA,IDA ISS IBA TAS NAS IEA,IDA IEA,IDA IBA IEA,IDA IMP IEA,IBA IEA,IEA,IDA IBA IEA,IDA IBA IEA,IDA IBA TAS IEA,IEA,TAS IEA,IBA IEA,IGI IEA,IBA TAS IEA,IDA IMP ISS IBA TAS IEA,IBA IEA,IDA ISS IEA,IDA ISS TAS IEA,IDA IMP ISS IBA TAS IEA,IDA IBA IEA","GRIK3,GRIA2,GLRA3,GABRA2,GABRB1,GRID2,GLRA1,GABRA1,GABRG2,GRIK2,GABRR1,CHRNA6,GRID1,HTR3B,GRIK4,GRIN2B,GABRG3,CHRNA7,CHRNA3,GRIN2A,GRIK5"
query_1,True,0.0038179557638144397,254,1889,50,0.0264690312334569,0.19685039370078697,GO:0008017,GO:MF,microtubule binding,18134,1946,GO:0015631,"TAS IEA,IBA,ISS IBA IEA,IDA,IEA,IBA IEA,IDA IMP IEA,IBA TAS IEA,IEA,TAS,IBA,IEA,IBA,IDA,IDA IEA,IBA IEA,IEA,IDA IEA,IEA,IBA IEA,IDA IBA IEA,IEA,ISS IEA,IDA,ISS,IEA,IDA,IBA,IEA,ISS IEA,IDA,IEA,IBA,IEA,IDA,IDA,IDA,IBA,IDA IBA,IMP ISS IBA IEA,ISS IBA IEA,IBA,IEA,IBA IEA,IEA,IBA,IEA,IBA,IBA,IEA","S100A9,DNM3,KIF14,VASH2,FMN2,KIF26B,CLASP1,MAP2,DPYSL5,LRPPRC,EML6,DYSF,ALMS1,REEP1,CLASP2,KIF15,JAKMIP1,APC,JAKMIP2,CEP57L1,DST,VPS41,CLIP2,KRIT1,DYNC1I1,SYBU,NDRG1,MTUS1,DPYSL2,RP1,CDK5RAP2,STRBP,C10orf90,GAS2,DCDC1,STIM1,NAV3,TUBGCP3,MTUS2,EML1,KIF26A,CCDC88C,GAS2L2,KIF1C,KATNAL2,MAP1LC3A,TIAM1,MX2,MX1,GAS2L1"
query_1,True,0.00416016242147433,77,1889,22,0.011646373742721,0.28571428571428603,GO:0098960,GO:MF,postsynaptic neurotransmitter receptor activity,18134,10516,GO:0030594,"ISS IBA TAS IEA,IBA,IDA ISS IBA IEA,IBA,IBA,IEA,IBA,IEA,IBA IEA,IBA IEA,IBA IEA,IEA,IBA TAS IEA,IBA,IBA,IBA IEA,IBA,IBA IEA,IDA ISS IEA,IDA ISS TAS IEA,IBA,IBA IEA","CHRM3,GRIK3,DRD3,GRIA2,GABRA2,GABRB1,GRID2,GLRA1,GABRA1,GABRG2,GRIK2,GABRR1,CHRNA6,GRID1,GRIK4,GRM5,GRIN2B,GABRG3,CHRNA7,CHRNA3,GRIN2A,GRIK5"
query_1,True,0.0057219930694302,138,1889,32,0.0169401799894124,0.23188405797101397,GO:0022834,GO:MF,ligand-gated channel activity,18134,4707,GO:0022836,"IDA ISS IBA IEA,IDA ISS IBA IEA,ISS IBA TAS IEA,IDA ISS IBA TAS NAS IEA,IDA IEA,IDA IBA IEA,IDA IMP ISS IEA,IDA,IBA IEA,IDA IMP IGI IBA IEA,IDA IBA IEA,IDA IBA IEA,ISS IEA,IDA IMP IBA TAS IEA,IDA ISS IBA IEA,IEA,IMP TAS NAS IEA,IDA,TAS IEA,IBA IEA,IGI IEA,IBA TAS IEA,IDA IMP ISS IBA TAS IEA,IBA IEA,IDA ISS IEA,IDA ISS TAS IEA,IDA IMP ISS IBA TAS IEA,IDA IBA TAS IEA,IDA IBA IEA,TAS IEA,IDA IBA IEA,IBA TAS IEA","RYR2,GRIK3,ITPR1,GRIA2,GLRA3,GABRA2,GABRB1,PKD2,GRID2,GLRA1,GABRA1,GABRG2,HCN1,GRIK2,ITPR3,GABRR1,CFTR,AQP1,CHRNA6,GRID1,HTR3B,GRIK4,GRIN2B,GABRG3,CHRNA7,CHRNA3,GRIN2A,CNGB1,KCNJ12,ASIC2,GRIK5,KCNJ6"
query_1,True,0.0057219930694302,138,1889,32,0.0169401799894124,0.23188405797101397,GO:0015276,GO:MF,ligand-gated ion channel activity,18134,3102,"c(""GO:0005216"", ""GO:0022834"")","IDA ISS IBA IEA,IDA ISS IBA IEA,ISS IBA TAS IEA,IDA ISS IBA TAS NAS IEA,IDA IEA,IDA IBA IEA,IDA IMP ISS IEA,IDA,IBA IEA,IDA IMP IGI IBA IEA,IDA IBA IEA,IDA IBA IEA,ISS IEA,IDA IMP IBA TAS IEA,IDA ISS IBA IEA,IEA,IMP TAS NAS IEA,IDA,TAS IEA,IBA IEA,IGI IEA,IBA TAS IEA,IDA IMP ISS IBA TAS IEA,IBA IEA,IDA ISS IEA,IDA ISS TAS IEA,IDA IMP ISS IBA TAS IEA,IDA IBA TAS IEA,IDA IBA IEA,TAS IEA,IDA IBA IEA,IBA TAS IEA","RYR2,GRIK3,ITPR1,GRIA2,GLRA3,GABRA2,GABRB1,PKD2,GRID2,GLRA1,GABRA1,GABRG2,HCN1,GRIK2,ITPR3,GABRR1,CFTR,AQP1,CHRNA6,GRID1,HTR3B,GRIK4,GRIN2B,GABRG3,CHRNA7,CHRNA3,GRIN2A,CNGB1,KCNJ12,ASIC2,GRIK5,KCNJ6"
query_1,True,0.00634338183815735,373,1889,66,0.034939121228163,0.176943699731903,GO:0042578,GO:MF,phosphoric ester hydrolase activity,18134,6720,GO:0016788,"IDA IBA IEA,IDA IBA TAS IEA,IEA,IDA ISS IBA TAS IEA,IBA TAS IEA,IMP IBA TAS IEA,TAS,IDA IGI ISS IBA TAS IEA,IBA TAS IEA,ISS IBA TAS IEA,TAS IEA,IBA IEA,IDA IMP IEA,IDA IBA IEA,IBA TAS IEA,IBA,IDA IBA TAS IEA,IDA IBA IEA,IDA IMP IBA TAS NAS IEA,IBA TAS IEA,EXP IDA IBA IEA,IBA TAS IEA,IMP IBA IEA,IDA IGI IBA TAS NAS IEA,IBA,IBA TAS IEA,IBA TAS IEA,IDA IBA TAS IEA,IDA IBA TAS IEA,TAS IEA,IBA TAS IEA,IDA IBA IEA,IBA TAS IEA,IDA IBA TAS IEA,IDA IBA TAS IEA,ISS IBA IEA,IBA TAS IEA,IBA IEA,IDA TAS IEA,IEA,IBA,ISS IBA IEA,IEA,IDA NAS IEA,IMP IEA,EXP IDA IMP TAS IEA,IDA IMP ISS TAS NAS IEA,IBA TAS IEA,TAS IEA,IEA,IBA IEA,IDA IBA TAS IEA,TAS,TAS IEA,TAS,IDA IBA TAS IEA,ISS IBA IEA,IDA IBA IEA,IDA ISS IBA IEA,IDA IBA IEA,IBA TAS IEA,IDA IBA TAS IEA,IDA IMP IBA IEA,ISS IBA TAS NAS IEA,IDA IMP ISS IBA TAS IEA,IDA IBA TAS IEA","DUSP23,DUSP12,GNB1,PTPRC,PTPN7,PTPN14,CHRM3,PDE4B,PTPN4,PDE1A,PLCL1,PLCD4,SGPP2,PLCH1,PPM1L,PRKAR2A,PTPRG,MTMR14,PPP3CA,INPP4B,ENPP6,PPEF2,PDE6A,PDE4D,NT5DC1,PDE7B,SYNJ2,PDE10A,NT5E,PTPRN2,PDE1C,EYA1,PTPRD,PTPN3,INPP5F,LHPP,PTPRE,PFKFB3,PTEN,PDE6C,PPP2R1B,DUSP8,GDPD5,MTMR2,PPTC7,PTPN11,PTPRO,PDE3A,PTPRB,CPPED1,SMPD3,PLCG2,MYH3,MTMR4,NOTUM,IMPA2,LPIN2,PTPRM,PTPRS,SAMHD1,CDC25B,PLCG1,PTPRT,PLCB1,SYNJ1,PDE9A"
query_1,True,0.00643294226255762,410,1889,71,0.0375860243515087,0.17317073170731698,GO:0031267,GO:MF,small GTPase binding,18134,5099,GO:0051020,"IEA,IPI,IEA,IPI IBA,IMP,IEA,ISS IEA,IEA,IEA,ISS,IBA,IBA IEA,TAS,IBA TAS,IBA,IBA,IDA,IBA,IBA,IDA,TAS IEA,IBA,IEA,IEA,IDA,IDA,IMP,IBA,IEA,IEA,ISS IBA IEA,IPI,IDA,IEA,IEA,IDA TAS,IBA IEA,IPI,IDA,IDA IBA IEA,IDA IBA IEA,IDA IBA IEA,IDA,IBA IEA,TAS,IBA,TAS,IPI,IDA,ISS,IEA,IBA,ISS,IBA,IBA,TAS IEA,ISS IBA TAS IEA,IPI,IEA,IMP TAS,IBA IEA,IEA,IPI,IBA IEA,IPI,IBA,IEA,NAS,IDA IMP IBA TAS IEA,IEA,IBA","VAV3,RAP1GAP,PLEKHG5,EVI5,ARHGEF4,FMNL2,RAPGEF4,RASGRP3,KALRN,FGD5,TBC1D5,MYRIP,DOCK3,ARHGEF3,SRGAP3,ARHGEF38,EGF,EXOC1,TBC1D14,RASGEF1B,TRIO,ARHGEF37,RANBP17,TNPO1,IQGAP2,WDR41,RASGRF2,TIAM2,SYTL3,DAAM2,RIMS1,EXOC4,DENND2A,BRAF,MICALL2,RAPGEF5,RIMS2,FAM49B,NDRG1,ARHGEF10,PREX2,DENND1A,MAPKAP1,RAB11FIP2,DOCK1,NET1,SERGEF,ARHGAP1,ST5,YBX3,RPH3A,RILPL1,ERC1,SRGAP1,GRTP1,IPO5,FARP1,STRN3,DAAM1,RASGRF1,ARHGAP44,RPH3AL,MYO1C,ROCK1,RNF152,RANBP3,VAV1,RIN2,TIAM1,SMTN,TBC1D22A"
query_1,True,0.009362912489214021,75,1889,21,0.0111169931180519,0.28,GO:0005230,GO:MF,extracellular ligand-gated ion channel activity,18134,1740,GO:0015276,"IDA ISS IBA IEA,IDA ISS IBA TAS NAS IEA,IDA IEA,IDA IBA IEA,IDA IMP IEA,IBA IEA,IDA IMP IGI IBA IEA,IDA IBA IEA,IDA IBA IEA,IDA IMP IBA TAS IEA,IEA,TAS IEA,IBA IEA,IGI IEA,IBA TAS IEA,IDA IMP ISS IBA TAS IEA,IBA IEA,IDA ISS IEA,IDA ISS TAS IEA,IDA IMP ISS IBA TAS IEA,IDA IBA IEA","GRIK3,GRIA2,GLRA3,GABRA2,GABRB1,GRID2,GLRA1,GABRA1,GABRG2,GRIK2,GABRR1,CHRNA6,GRID1,HTR3B,GRIK4,GRIN2B,GABRG3,CHRNA7,CHRNA3,GRIN2A,GRIK5"
query_1,True,0.00106720272036665,165,865,38,0.0439306358381503,0.23030303030303,KEGG:04022,KEGG,cGMP-PKG signaling pathway,7747,229,KEGG:00000,"KEGG,KEGG,KEGG,KEGG,KEGG,KEGG,KEGG,KEGG,KEGG,KEGG,KEGG,KEGG,KEGG,KEGG,KEGG,KEGG,KEGG,KEGG,KEGG,KEGG,KEGG,KEGG,KEGG,KEGG,KEGG,KEGG,KEGG,KEGG,KEGG,KEGG,KEGG,KEGG,KEGG,KEGG,KEGG,KEGG,KEGG,KEGG","OPRD1,CREB1,IRS1,SLC8A1,PRKCE,ATP2B2,ADCY5,MYLK,KCNMB3,ITPR1,CACNA1D,PPP3CA,SLC25A31,ADRB2,ADCY2,MYLK4,ITPR3,CREB5,GTF2IRD1,GATA4,ADCY8,ADRA1A,ADRA2A,PRKG1,KCNMA1,TRPC6,PDE3A,CACNA1C,MEF2A,CNGB1,ATP2A3,PIK3R6,PIK3R5,ROCK1,NFATC1,ATP1A3,NFATC2,PLCB1"
query_1,True,0.0008127843306197191,321,1698,67,0.0394581861012956,0.208722741433022,MIRNA:hsa-miR-6817-3p,MIRNA,hsa-miR-6817-3p,14714,2243,MIRNA:000000,"MIRNA,MIRNA,MIRNA,MIRNA,MIRNA,MIRNA,MIRNA,MIRNA,MIRNA,MIRNA,MIRNA,MIRNA,MIRNA,MIRNA,MIRNA,MIRNA,MIRNA,MIRNA,MIRNA,MIRNA,MIRNA,MIRNA,MIRNA,MIRNA,MIRNA,MIRNA,MIRNA,MIRNA,MIRNA,MIRNA,MIRNA,MIRNA,MIRNA,MIRNA,MIRNA,MIRNA,MIRNA,MIRNA,MIRNA,MIRNA,MIRNA,MIRNA,MIRNA,MIRNA,MIRNA,MIRNA,MIRNA,MIRNA,MIRNA,MIRNA,MIRNA,MIRNA,MIRNA,MIRNA,MIRNA,MIRNA,MIRNA,MIRNA,MIRNA,MIRNA,MIRNA,MIRNA,MIRNA,MIRNA,MIRNA,MIRNA,MIRNA","PLEKHA6,ACTN2,HIVEP3,PLCL1,PARD3B,TNS1,GPATCH11,TGFA,CBLB,ZBTB20,LSAMP,CD86,LPP,SNRK,CADM2,PROM1,LIMCH1,SORCS2,GABRA1,GABRG2,WDR70,ARL15,ATG10,ATP6AP1L,CCDC170,PKHD1,UBE2H,PLXNA4,NPVF,TBL2,SEMA3E,PALM2,GPR26,CPXM2,BICC1,GRID1,SLC35F2,GRAMD1B,PRDM10,IGSF9B,LDHAL6A,NAV2,SLC5A12,WSCD2,GRIN2B,PDE3A,B4GALNT3,COG6,DPF3,IGF1R,ANKS4B,MGRN1,CDH8,WDR59,SPOP,KIF1C,CCBE1,RNF152,ZNF516,ATP1A3,PALM,SAMHD1,ATP9A,KCNJ6,MX2,DIP2A,FAM83F"
query_1,True,0.00171787960673286,347,1698,70,0.0412249705535925,0.20172910662824198,MIRNA:hsa-miR-7110-3p,MIRNA,hsa-miR-7110-3p,14714,2411,MIRNA:000000,"MIRNA,MIRNA,MIRNA,MIRNA,MIRNA,MIRNA,MIRNA,MIRNA,MIRNA,MIRNA,MIRNA,MIRNA,MIRNA,MIRNA,MIRNA,MIRNA,MIRNA,MIRNA,MIRNA,MIRNA,MIRNA,MIRNA,MIRNA,MIRNA,MIRNA,MIRNA,MIRNA,MIRNA,MIRNA,MIRNA,MIRNA,MIRNA,MIRNA,MIRNA,MIRNA,MIRNA,MIRNA,MIRNA,MIRNA,MIRNA,MIRNA,MIRNA,MIRNA,MIRNA,MIRNA,MIRNA,MIRNA,MIRNA,MIRNA,MIRNA,MIRNA,MIRNA,MIRNA,MIRNA,MIRNA,MIRNA,MIRNA,MIRNA,MIRNA,MIRNA,MIRNA,MIRNA,MIRNA,MIRNA,MIRNA,MIRNA,MIRNA,MIRNA,MIRNA,MIRNA","VAV3,PLEKHA6,ACTN2,HIVEP3,PLCL1,PARD3B,TNS1,DPYSL5,GPATCH11,TGFA,CBLB,ZBTB20,LSAMP,CD86,TBL1XR1,LPP,SNRK,CADM2,PROM1,LIMCH1,SORCS2,GABRA1,GABRG2,WDR70,ARL15,ATG10,ATP6AP1L,PKHD1,UBE2H,PLXNA4,PTPRN2,NPVF,TBL2,SEMA3E,PALM2,DCAF12,CPXM2,BICC1,GRID1,SLC35F2,GRAMD1B,PRDM10,IGSF9B,NAV2,SLC5A12,WSCD2,GRIN2B,PDE3A,B4GALNT3,COG6,DPF3,IGF1R,ANKS4B,GPT2,CDH8,WDR59,SHISA6,SPOP,LDLRAD4,CCBE1,RNF152,ZNF516,ATP1A3,PALM,SAMHD1,ATP9A,KCNJ6,MX2,DIP2A,FAM83F"
query_1,True,0.00203191521195843,388,1698,76,0.0447585394581861,0.19587628865979395,MIRNA:hsa-miR-6873-3p,MIRNA,hsa-miR-6873-3p,14714,2351,MIRNA:000000,"MIRNA,MIRNA,MIRNA,MIRNA,MIRNA,MIRNA,MIRNA,MIRNA,MIRNA,MIRNA,MIRNA,MIRNA,MIRNA,MIRNA,MIRNA,MIRNA,MIRNA,MIRNA,MIRNA,MIRNA,MIRNA,MIRNA,MIRNA,MIRNA,MIRNA,MIRNA,MIRNA,MIRNA,MIRNA,MIRNA,MIRNA,MIRNA,MIRNA,MIRNA,MIRNA,MIRNA,MIRNA,MIRNA,MIRNA,MIRNA,MIRNA,MIRNA,MIRNA,MIRNA,MIRNA,MIRNA,MIRNA,MIRNA,MIRNA,MIRNA,MIRNA,MIRNA,MIRNA,MIRNA,MIRNA,MIRNA,MIRNA,MIRNA,MIRNA,MIRNA,MIRNA,MIRNA,MIRNA,MIRNA,MIRNA,MIRNA,MIRNA,MIRNA,MIRNA,MIRNA,MIRNA,MIRNA,MIRNA,MIRNA,MIRNA,MIRNA","PLEKHA6,ACTN2,HIVEP3,PLCL1,PARD3B,TNS1,GPATCH11,TGFA,CBLB,ZBTB20,LSAMP,CD86,LPP,SNRK,FAM3D,ATXN7,CADM2,EMCN,PROM1,LIMCH1,TMPRSS11B,SORCS2,GABRA1,GABRG2,WDR70,ARL15,ATG10,ATP6AP1L,ATXN1,PKHD1,UBE2H,PLXNA4,NPVF,TBL2,SEMA3E,PALM2,SUSD1,GPR26,CPXM2,BICC1,GRID1,SLC35F2,GRAMD1B,PRDM10,IGSF9B,NAV2,SLC5A12,WSCD2,LRP6,GRIN2B,PDE3A,B4GALNT3,COG6,DPF3,GALC,SLCO3A1,IGF1R,ANKS4B,MGRN1,CDH8,WDR59,SPOP,KIF1C,HSF5,CCBE1,RNF152,ZNF516,ATP1A3,PALM,SAMHD1,ATP9A,TSHZ2,KCNJ6,MX2,DIP2A,FAM83F"
query_1,True,0.00385422474957694,59,1144,19,0.0166083916083916,0.322033898305085,REAC:R-HSA-8986944,REAC,Transcriptional Regulation by MECP2,10588,2248,REAC:R-HSA-212436,"REAC,REAC,REAC,REAC,REAC,REAC,REAC,REAC,REAC,REAC,REAC,REAC,REAC,REAC,REAC,REAC,REAC,REAC,REAC","LBR,AGO4,AGO1,PTPN4,CREB1,TBL1XR1,CAMK2D,GRIA2,HTT,CAMK2A,SGK1,FKBP5,HIPK2,PTEN,NCOR2,GRIN2B,GRIN2A,RBFOX1,TNRC6B"
query_1,True,0.00471555005196659,127,1144,31,0.0270979020979021,0.244094488188976,REAC:R-HSA-1500931,REAC,Cell-Cell communication,10588,304,REAC:0000000,"REAC,REAC,REAC,REAC,REAC,REAC,REAC,REAC,REAC,REAC,REAC,REAC,REAC,REAC,REAC,REAC,REAC,REAC,REAC,REAC,REAC,REAC,REAC,REAC,REAC,REAC,REAC,REAC,REAC,REAC,REAC","LAMB3,ACTN2,NCK2,SPTBN1,CLDN18,CADM2,CDH18,CDH12,CDH9,FYN,DST,SDK1,CLDN4,MAGI2,PTK2,SPTAN1,RSU1,PARD3,SFTPA1,PARVA,PTPN11,CDH8,CDH13,CDH15,SDK2,ITGB4,CDH7,NPHS1,CDH4,CLDN14,PARVB"
query_1,True,5.0805590393254e-05,6658,2022,790,0.39070227497527205,0.11865425052568301,TF:M02097_1,TF,Factor: LHX3; motif: ATTAAW; match class: 1,19940,6745,TF:M02097_0,"TF,TF,TF,TF,TF,TF,TF,TF,TF,TF,TF,TF,TF,TF,TF,TF,TF,TF,TF,TF,TF,TF,TF,TF,TF,TF,TF,TF,TF,TF,TF,TF,TF,TF,TF,TF,TF,TF,TF,TF,TF,TF,TF,TF,TF,TF,TF,TF,TF,TF,TF,TF,TF,TF,TF,TF,TF,TF,TF,TF,TF,TF,TF,TF,TF,TF,TF,TF,TF,TF,TF,TF,TF,TF,TF,TF,TF,TF,TF,TF,TF,TF,TF,TF,TF,TF,TF,TF,TF,TF,TF,TF,TF,TF,TF,TF,TF,TF,TF,TF,TF,TF,TF,TF,TF,TF,TF,TF,TF,TF,TF,TF,TF,TF,TF,TF,TF,TF,TF,TF,TF,TF,TF,TF,TF,TF,TF,TF,TF,TF,TF,TF,TF,TF,TF,TF,TF,TF,TF,TF,TF,TF,TF,TF,TF,TF,TF,TF,TF,TF,TF,TF,TF,TF,TF,TF,TF,TF,TF,TF,TF,TF,TF,TF,TF,TF,TF,TF,TF,TF,TF,TF,TF,TF,TF,TF,TF,TF,TF,TF,TF,TF,TF,TF,TF,TF,TF,TF,TF,TF,TF,TF,TF,TF,TF,TF,TF,TF,TF,TF,TF,TF,TF,TF,TF,TF,TF,TF,TF,TF,TF,TF,TF,TF,TF,TF,TF,TF,TF,TF,TF,TF,TF,TF,TF,TF,TF,TF,TF,TF,TF,TF,TF,TF,TF,TF,TF,TF,TF,TF,TF,TF,TF,TF,TF,TF,TF,TF,TF,TF,TF,TF,TF,TF,TF,TF,TF,TF,TF,TF,TF,TF,TF,TF,TF,TF,TF,TF,TF,TF,TF,TF,TF,TF,TF,TF,TF,TF,TF,TF,TF,TF,TF,TF,TF,TF,TF,TF,TF,TF,TF,TF,TF,TF,TF,TF,TF,TF,TF,TF,TF,TF,TF,TF,TF,TF,TF,TF,TF,TF,TF,TF,TF,TF,TF,TF,TF,TF,TF,TF,TF,TF,TF,TF,TF,TF,TF,TF,TF,TF,TF,TF,TF,TF,TF,TF,TF,TF,TF,TF,TF,TF,TF,TF,TF,TF,TF,TF,TF,TF,TF,TF,TF,TF,TF,TF,TF,TF,TF,TF,TF,TF,TF,TF,TF,TF,TF,TF,TF,TF,TF,TF,TF,TF,TF,TF,TF,TF,TF,TF,TF,TF,TF,TF,TF,TF,TF,TF,TF,TF,TF,TF,TF,TF,TF,TF,TF,TF,TF,TF,TF,TF,TF,TF,TF,TF,TF,TF,TF,TF,TF,TF,TF,TF,TF,TF,TF,TF,TF,TF,TF,TF,TF,TF,TF,TF,TF,TF,TF,TF,TF,TF,TF,TF,TF,TF,TF,TF,TF,TF,TF,TF,TF,TF,TF,TF,TF,TF,TF,TF,TF,TF,TF,TF,TF,TF,TF,TF,TF,TF,TF,TF,TF,TF,TF,TF,TF,TF,TF,TF,TF,TF,TF,TF,TF,TF,TF,TF,TF,TF,TF,TF,TF,TF,TF,TF,TF,TF,TF,TF,TF,TF,TF,TF,TF,TF,TF,TF,TF,TF,TF,TF,TF,TF,TF,TF,TF,TF,TF,TF,TF,TF,TF,TF,TF,TF,TF,TF,TF,TF,TF,TF,TF,TF,TF,TF,TF,TF,TF,TF,TF,TF,TF,TF,TF,TF,TF,TF,TF,TF,TF,TF,TF,TF,TF,TF,TF,TF,TF,TF,TF,TF,TF,TF,TF,TF,TF,TF,TF,TF,TF,TF,TF,TF,TF,TF,TF,TF,TF,TF,TF,TF,TF,TF,TF,TF,TF,TF,TF,TF,TF,TF,TF,TF,TF,TF,TF,TF,TF,TF,TF,TF,TF,TF,TF,TF,TF,TF,TF,TF,TF,TF,TF,TF,TF,TF,TF,TF,TF,TF,TF,TF,TF,TF,TF,TF,TF,TF,TF,TF,TF,TF,TF,TF,TF,TF,TF,TF,TF,TF,TF,TF,TF,TF,TF,TF,TF,TF,TF,TF,TF,TF,TF,TF,TF,TF,TF,TF,TF,TF,TF,TF,TF,TF,TF,TF,TF,TF,TF,TF,TF,TF,TF,TF,TF,TF,TF,TF,TF,TF,TF,TF,TF,TF,TF,TF,TF,TF,TF,TF,TF,TF,TF,TF,TF,TF,TF,TF,TF,TF,TF,TF,TF,TF,TF,TF,TF,TF,TF,TF,TF,TF,TF,TF,TF,TF,TF,TF,TF,TF,TF,TF,TF,TF,TF,TF,TF,TF,TF,TF,TF,TF,TF,TF,TF,TF,TF,TF,TF,TF,TF,TF,TF,TF,TF,TF,TF,TF,TF,TF,TF,TF,TF,TF,TF,TF,TF,TF,TF,TF,TF,TF,TF,TF,TF,TF,TF,TF,TF,TF,TF,TF,TF,TF,TF,TF,TF,TF,TF,TF,TF,TF,TF,TF,TF,TF,TF,TF,TF,TF,TF,TF,TF,TF,TF,TF,TF,TF,TF,TF","PALMD,FNDC7,VANGL1,SPAG17,ENSA,CTSS,TCHH,RPTN,NUP210L,C1orf61,FCRL3,DUSP23,C1orf226,UCK2,ADCY10,SCYL3,PRRX1,FMO4,TNFSF4,PAPPA2,SWT1,KCNT2,CRB1,PTPRC,NR5A2,KIF14,PLEKHA6,CR1L,PLXNA2,ESRRG,SPATA17,SLC30A10,DISP1,CAPN2,CNIH3,LBR,ENAH,RYR2,FMN2,PLD5,SDCCAG8,ZMYM4,CCDC30,TMEM53,ZSWIM5,AKR1A1,AGBL4,ELAVL4,GLIS1,C8B,ATG4C,ROR1,LRRIQ3,TTLL7,PRKACB,GBP7,EVI5,ABCA4,ABCD3,DPYD,SNX7,NCK2,E2F6,GREB1,CLASP1,MGAT5,MAP3K19,LRP1B,RIF1,CYTIP,ACVR1,BAZ2B,SLC4A10,CSRNP3,TTC21B,STK39,UBR3,RAPGEF4,VSNL1,TTN,CCDC141,CERKL,PPP1R1C,PDE1A,C2orf88,TMEFF2,HECW2,COQ10B,RFTN2,PLCL1,MPP4,ICA1L,WDR12,NBEAL1,RAPH1,NRP2,DYTN,MAP2,UNC80,CPS1,CYP27A1,FARSB,SPHKAP,SP140,DIS3L2,ATG16L1,OTOS,ALK,TTC27,TRAPPC12,GPATCH11,DCDC2C,RMDN2,HNRNPLL,SLC8A1,FBXO11,FSHR,ACYP2,EHBP1,WDPCP,SPRED2,TGFA,ADD2,DYSF,ALMS1,LRRTM4,SNRNP200,NCAPH,MGAT4A,ALCAM,IFT57,GUCA1C,CD96,PHLDB2,HRH1,DRD3,ZBTB20,LSAMP,VGLL4,CNTN6,CD86,HSPBAP1,PDIA5,MYLK,KALRN,TMEM40,COL6A5,PIK3R4,CPNE4,TMEM108,MRPS22,TRIM42,NR2C2,PLCH1,KCNAB1,NMD3,SI,SLITRK3,WDR49,FNDC3B,TBC1D5,NLGN1,NAALADL2,TBL1XR1,KCNMB3,KLHL6,LIPH,GMNC,FGF12,ATP13A5,XXYLT1,LRCH3,ZNF385D,RARB,LRRC3B,ZCWPW2,RBMS3,GADL1,CLASP2,SUMF1,MYRIP,ANO10,TCAIM,KIF15,TGM4,ZDHHC3,ITPR1,CCR2,DOCK3,POC1A,TKT,CACNA1D,ERC2,ARHGEF3,IL17RD,DNASE1L3,CADPS,ADAMTS9,FAM19A4,FRMD4B,MITF,CNTN3,ROBO2,VGLL3,EPHA3,SRGAP3,ARL13B,NSUN3,EMCN,BANK1,ARHGEF38,EGF,AP1AR,ALPK1,ARSJ,TNIP3,IL21,SLC25A31,LARP1B,RAB28,SLC7A11,MAML3,SCOC,CLGN,ZNF330,IL15,INPP4B,ANAPC10,ABCE1,ARHGAP10,FAM160A1,FBXW7,TMEM154,FGFBP1,FNIP2,C4orf45,FSTL5,MARCH1,CPE,CLCN3,MFAP3L,CEP44,HPGD,GLRA3,GPM6A,ENPP6,SORBS2,F11,ADD1,RGS12,C4orf19,STX18,COX7B2,GABRB1,CORIN,PIGG,FIP1L1,EXOC1,EVC,IGFBP7,TECRL,TMPRSS11B,TMPRSS11E,CSN2,CABS1,AMBN,SLC4A4,COX18,ANKRD17,CCDC158,SHROOM3,CXCL13,AFAP1,WDFY3,ARHGAP24,MAPK10,AFF1,MEPE,GPRIN3,GRID2,PDLIM5,FER,PJA2,CTNND2,NREP,APC,YTHDC2,COMMD10,DTWD2,TNFAIP8,PRR16,SAR1B,SPOCK1,NR3C1,KCTD16,GRXCR2,PPP2R2B,DPYSL3,JAKMIP2,SPINK5,ADRB2,PDE6A,DCTN4,GPX3,SGCD,GABRA1,MAT2B,TENM2,MYO10,RANBP17,BNIP1,BTNL8,CDH18,CDH12,SUB1,RAI14,SKP2,ARL15,DHX29,ANKRD55,PDE4D,ADAMTS6,SGTB,MAST4,TNPO1,WDR41,ATG10,ATP6AP1L,FAM172A,MCHR2,GRIK2,GCNT2,PDSS2,SCML4,SLC16A10,FYN,ADTRP,TRDN,NKAIN2,CENPW,PHACTR1,RNF146,LAMA2,MOXD1,SLC2A12,SGK1,ALDH8A1,PDE7B,NHSL1,SASH1,PLEKHG1,ESR1,SYTL3,PARK2,PACRG,ATXN1,STMND1,MBOAT1,CDKAL1,BTN3A3,MYLK4,SERPINB1,PSMG4,ITPR3,ANKS1A,SLC26A8,PI16,CMTR1,DNAH8,TNFRSF21,PTCHD4,GLYATL3,TFAP2D,PKHD1,KLHL31,FARS2,F13A1,EYS,BMP6,UBE3D,NT5E,HTR1E,UBE2J1,EPHA7,KLHL32,CUX1,SRPK2,CDHR3,COG5,LAMB4,PPP1R3A,TFEC,THSD7A,CFTR,MKLN1,CNOT4,PRSS1,DGKB,TPK1,CNTNAP2,GALNTL5,AGR3,HDAC9,ABCB5,DNAH11,STEAP1B,GPNMB,IGF2BP3,NPVF,CREB5,BMPER,AOAH,ELMO1,AMPH,VPS41,POU6F2,GLI3,OGDH,ZMIZ2,HUS1,GRB10,TNRC18,OCM,BAZ1B,TBL2,COL28A1,PCLO,SEMA3E,SEMA3A,GRM3,ASB4,DYNC1I1,MSRA,DPYS,ZFPM2,ANGPT1,RSPO2,CSMD3,TRPS1,DEFB135,DEPTOR,MRPL13,FER1L6,MTSS1,DLC1,FAM49B,KCNQ3,TG,NDRG1,SGCZ,DLGAP2,MSR1,MTUS1,PSD3,SH2D4A,MYOM2,ADRA1A,CHRNA6,SNTG1,PXDNL,RP1,FAM110B,PREX2,C8orf34,EYA1,ZFHX4,TPD52,PAG1,SLC7A13,RUNX1T1,GALNT12,PTPRD,PALM2,ZNF618,PAPPA,PSMB7,LURAP1L,MPDZ,EXOSC2,MED27,GLT6D1,C9orf92,ADAMTSL1,SLC24A2,MLLT3,FOCAD,TEK,MOB3B,LINGO2,RFX3,DOCK8,SPATA6L,DMRT1,DIRAS2,SYK,CENPP,FANCC,HPSE2,ABCC2,RPEL1,CELF2,PNLIP,INPP5F,FGFR2,ATE1,DMBT1,LHPP,C10orf90,MKI67,FAM107B,MALRD1,NEBL,KIAA1217,SVIL,ZNF25,ZNF33A,PRKG1,PCDH15,ANK3,CTNNA3,SPOCK2,VCL,RNLS,EXOC6,MYOF,PDE6C,LGI1,SORBS1,TLL2,TRPC6,AMPD3,PPP2R1B,ALG9,NCAM1,C11orf71,TMPRSS13,GRIK4,TECTA,VWA5A,ADAMTS15,SNX19,RRAS2,PLEKHA7,GAS2,LUZP2,PSMD13,SLC5A12,FIBIN,METTL15,KCNA4,DCDC1,DNAJC24,RCN1,QSER1,CAT,LDLRAD3,LRRC4C,PHF21A,ATG13,CELF1,FNBP4,OR4C16,OR4C11,OR5W2,OR5I1,OR10AG1,OR5F1,OR5AS1,OR8I2,OR8H2,OR8H3,OR8U1,MS4A6A,MS4A12,TSGA10IP,C11orf80,ALDH3B2,RNF121,GDPD5,PPFIBP2,OVCH2,TENM4,TMEM135,TYR,HEPHL1,MAML2,CCDC82,CNTN5,KLRF2,C12orf75,YBX3,SELPLG,C12orf76,BRAP,ACAD10,PTPN11,RPH3A,HPD,LRRC43,RILPL1,EP400,GRIN2B,PTPRO,SLC15A5,PIK3C2G,SLCO1C1,CACNA1C,LRMP,TM7SF3,ARNTL2,FAR2,SCAF11,SRGAP1,MSRB3,NUP107,FRS2,PTPRB,TMEM19,TPH2,NAV3,OTOGL,MGAT4C,KITLG,CCER1,DCN,CLYBL,NALCN,METTL21C,FAM155A,SPACA7,MCF2L,CENPJ,MTUS2,RFC3,NBEA,ELF1,ZC3H13,LCP1,DHRS12,PCDH9,EML1,RNASE9,SALL2,LRP10,GPR33,AKAP6,SLC25A21,LRFN5,KTN1,NAA30,DAAM1,RTN1,FUT8,GPHN,PLEK2,DCAF5,CCDC177,SIPA1L1,DPF3,IFT43,CEP128,GALC,KCNK10,FOXN3,CHRNA7,SLC12A6,C15orf41,KNSTRN,ZNF106,SNAP23,SEMA6D,ATP8B4,GLDN,WDR72,UNC13C,ZWILCH,IQCH,SKOR1,SPESP1,PKM,SNUPN,AGBL1,AP3S2,SV2B,FAM174B,MCTP2,LRRC28,ATF7IP2,NPRL3,DNAH3,ANKS4B,FTO,SLC12A3,RBFOX1,IL34,VAC14,WDR59,CNTNAP4,VAT1L,ZC3H18,FANCA,TCF25,DNAH9,MPRIP,NLK,MYO19,WIPF2,CDC27,COL1A1,HLF,BCAS3,ABCA10,TMEM104,SAP30BP,ITGB4,MFSD11,CBX4,GREB1L,OSBPL1A,ZNF521,KCTD1,DSC3,LPIN2,DTNA,KIAA1328,DLGAP1,RIT2,SLC14A2,PSTPIP2,KATNAL2,ZBTB7C,ME2,STARD6,CCDC68,TCF4,ALPK2,PIGN,BCL2,SERPINB5,SERPINB13,SERPINB11,CLUL1,RTTN,ZNF407,TSHZ1,ZNF236,PTPRM,ZNF536,PDCD5,SLC7A9,CHST8,SNRNP70,ZNF880,ZNF528,ZNF761,NLRP5,SLX4IP,RAD21L1,SPTLC3,RIN2,ITCH,SOGA1,SAMHD1,CDC25B,SPINT3,TSHZ2,DOK5,PMEPA1,PHACTR3,CDH26,MTG2,FERMT1,HAO1,SAMSN1,CHODL,APP,MRAP,RUNX1,KCNJ6,ERG,DSCAM,TMPRSS2,BID,ARVCF,KIAA1671,TOM1,TXN2,IL2RB,PARVG,TBC1D22A"
query_1,True,0.0021994340834901897,2439,2022,319,0.15776458951533098,0.130791307913079,TF:M10693_0,TF,Factor: HOXB6; motif: NTAATKRC; match class: 0,19940,5580,TF:M10693,"TF,TF,TF,TF,TF,TF,TF,TF,TF,TF,TF,TF,TF,TF,TF,TF,TF,TF,TF,TF,TF,TF,TF,TF,TF,TF,TF,TF,TF,TF,TF,TF,TF,TF,TF,TF,TF,TF,TF,TF,TF,TF,TF,TF,TF,TF,TF,TF,TF,TF,TF,TF,TF,TF,TF,TF,TF,TF,TF,TF,TF,TF,TF,TF,TF,TF,TF,TF,TF,TF,TF,TF,TF,TF,TF,TF,TF,TF,TF,TF,TF,TF,TF,TF,TF,TF,TF,TF,TF,TF,TF,TF,TF,TF,TF,TF,TF,TF,TF,TF,TF,TF,TF,TF,TF,TF,TF,TF,TF,TF,TF,TF,TF,TF,TF,TF,TF,TF,TF,TF,TF,TF,TF,TF,TF,TF,TF,TF,TF,TF,TF,TF,TF,TF,TF,TF,TF,TF,TF,TF,TF,TF,TF,TF,TF,TF,TF,TF,TF,TF,TF,TF,TF,TF,TF,TF,TF,TF,TF,TF,TF,TF,TF,TF,TF,TF,TF,TF,TF,TF,TF,TF,TF,TF,TF,TF,TF,TF,TF,TF,TF,TF,TF,TF,TF,TF,TF,TF,TF,TF,TF,TF,TF,TF,TF,TF,TF,TF,TF,TF,TF,TF,TF,TF,TF,TF,TF,TF,TF,TF,TF,TF,TF,TF,TF,TF,TF,TF,TF,TF,TF,TF,TF,TF,TF,TF,TF,TF,TF,TF,TF,TF,TF,TF,TF,TF,TF,TF,TF,TF,TF,TF,TF,TF,TF,TF,TF,TF,TF,TF,TF,TF,TF,TF,TF,TF,TF,TF,TF,TF,TF,TF,TF,TF,TF,TF,TF,TF,TF,TF,TF,TF,TF,TF,TF,TF,TF,TF,TF,TF,TF,TF,TF,TF,TF,TF,TF,TF,TF,TF,TF,TF,TF,TF,TF,TF,TF,TF,TF,TF,TF,TF,TF,TF,TF,TF,TF,TF,TF,TF,TF,TF,TF,TF,TF,TF,TF,TF,TF","PALMD,CD53,VANGL1,ENSA,CTSS,KCNN3,ETV3L,DUSP23,C1orf112,PRRX1,TNFSF4,PTPRC,CAPN2,CNIH3,CHRM3,SMYD3,TESK2,AKR1A1,MKNK1,ELAVL4,DMRTA2,RAB3B,ZZZ3,GIPC2,GBP7,BCAR3,ABCA4,TMEM201,NCK2,EDAR,GREB1,NCKAP5,MAP3K19,GTDC1,RIF1,CSRNP3,SCN7A,STK39,CERS6,TTN,CCDC141,PDE1A,HECW2,RFTN2,PLCL1,ICA1L,NRP2,UNC80,CPS1,ERBB4,TNS1,PLCD4,FARSB,SERPINE2,DIS3L2,RMDN2,HNRNPLL,SLC8A1,LRPPRC,LRRTM4,IRAK2,IFT57,PHLDB2,HRH1,HGD,PDIA5,KALRN,MGLL,CPNE4,TF,TRIM42,NR2C2,SI,NAALADL2,FGF12,MB21D2,ZNF385D,ZCWPW2,CHL1,MYRIP,CCR2,POC1A,CACNA1D,ARHGEF3,CNTN3,EPHA3,BANK1,EGF,TNIP3,HSPA4L,LARP1B,SLC7A11,MAML3,CLGN,ARHGAP10,MARCH1,SMIM20,ADD1,COX7B2,CORIN,TECRL,TMPRSS11B,YTHDC1,CSN2,CABS1,AMBN,CXCL13,FRAS1,MAPK10,GRID2,PDLIM5,DTWD2,HSD17B4,NR3C1,GABRA1,TENM2,MSX2,BTNL8,CDH12,SKP2,WDR70,GRIK2,SLC16A10,NT5DC1,MAN1A1,TRDN,VNN1,NHSL1,SHPRH,SASH1,PPIL4,ESR1,MYLK4,CMTR1,DNAH8,TNFRSF21,GLYATL3,KLHL31,DST,EYS,SMAP1,MRAP2,NT5E,GABRR1,UBE2J1,BACH2,COG5,TFEC,THSD7A,CFTR,HIPK2,DGKB,C7orf33,PRKAG2,AGR3,NPVF,JAZF1,PDE1C,AOAH,SUN3,GRB10,CALN1,CACNA2D1,GNGT1,NCALD,UBR5,MTSS1,FAM49B,KCNQ3,PSD3,SFRP1,NKAIN3,C8orf34,ZFHX4,CNBD1,ERI1,NDUFAF6,PAPPA,CDK5RAP2,MORN5,PSMB7,SPTAN1,MED27,SARDH,NFIB,C9orf92,ADAMTSL1,FOCAD,TEK,CCL19,SLC1A1,SPATA6L,C9orf153,SYK,SORCS1,CELF2,ADARB2,FAM107B,MALRD1,NEBL,GPR158,ARMC4,SPOCK2,USP54,RNLS,MYOF,PDE6C,DYNC2H1,NCAM1,GRIK4,TECTA,VWA5A,PSMD13,QSER1,HIPK3,RAPSN,AGBL2,MMP26,OR4C11,OR5I1,OR10AG1,OR5F1,OR8H2,OR8H3,OR8U1,MS4A6A,ALDH3B2,PPFIBP2,TENM4,TMEM135,CTSC,GRM5,MTMR2,C12orf75,C12orf76,ETV6,NCOR2,EP400,SLC15A5,SLCO1C1,FAR2,CNTN1,POU6F1,VWF,FRS2,TMEM19,NTS,MGAT4C,KITLG,CLYBL,METTL21C,MTUS2,ZC3H13,LCP1,CAB39L,SLITRK1,GPC5,KIF26A,RNASE9,NUBPL,AKAP6,SLC25A21,KTN1,RTN1,PRKCH,SYT16,GPHN,DPF3,KCNK10,FOXN3,ADAMTS17,C15orf41,MEIS2,FSIP1,KNSTRN,INO80,HAUS2,ATP8B4,GLDN,FAM214A,IQCH,SKOR1,RGMA,MCTP2,ZFHX3,ABAT,ZC3H18,KRT33A,ABCA8,SAP30BP,MFSD11,SEPT9,DTNA,ZSCAN30,KIAA1328,CTIF,STARD6,RAB27B,TXNL1,CCBE1,SERPINB13,SERPINB11,CDH7,TSHZ1,ZNF761,CST7,ATP9A,PMEPA1,ARFGAP1,HAO1,SAMSN1,NCAM2,CLDN14,DYRK1A,UMODL1,KIAA1671,NPTXR,ZC3H7B,PARVB"
query_1,True,0.0021994340834901897,2439,2022,319,0.15776458951533098,0.130791307913079,TF:M10693,TF,Factor: HOXB6; motif: NTAATKRC,19940,5579,TF:M00000,"TF,TF,TF,TF,TF,TF,TF,TF,TF,TF,TF,TF,TF,TF,TF,TF,TF,TF,TF,TF,TF,TF,TF,TF,TF,TF,TF,TF,TF,TF,TF,TF,TF,TF,TF,TF,TF,TF,TF,TF,TF,TF,TF,TF,TF,TF,TF,TF,TF,TF,TF,TF,TF,TF,TF,TF,TF,TF,TF,TF,TF,TF,TF,TF,TF,TF,TF,TF,TF,TF,TF,TF,TF,TF,TF,TF,TF,TF,TF,TF,TF,TF,TF,TF,TF,TF,TF,TF,TF,TF,TF,TF,TF,TF,TF,TF,TF,TF,TF,TF,TF,TF,TF,TF,TF,TF,TF,TF,TF,TF,TF,TF,TF,TF,TF,TF,TF,TF,TF,TF,TF,TF,TF,TF,TF,TF,TF,TF,TF,TF,TF,TF,TF,TF,TF,TF,TF,TF,TF,TF,TF,TF,TF,TF,TF,TF,TF,TF,TF,TF,TF,TF,TF,TF,TF,TF,TF,TF,TF,TF,TF,TF,TF,TF,TF,TF,TF,TF,TF,TF,TF,TF,TF,TF,TF,TF,TF,TF,TF,TF,TF,TF,TF,TF,TF,TF,TF,TF,TF,TF,TF,TF,TF,TF,TF,TF,TF,TF,TF,TF,TF,TF,TF,TF,TF,TF,TF,TF,TF,TF,TF,TF,TF,TF,TF,TF,TF,TF,TF,TF,TF,TF,TF,TF,TF,TF,TF,TF,TF,TF,TF,TF,TF,TF,TF,TF,TF,TF,TF,TF,TF,TF,TF,TF,TF,TF,TF,TF,TF,TF,TF,TF,TF,TF,TF,TF,TF,TF,TF,TF,TF,TF,TF,TF,TF,TF,TF,TF,TF,TF,TF,TF,TF,TF,TF,TF,TF,TF,TF,TF,TF,TF,TF,TF,TF,TF,TF,TF,TF,TF,TF,TF,TF,TF,TF,TF,TF,TF,TF,TF,TF,TF,TF,TF,TF,TF,TF,TF,TF,TF,TF,TF,TF,TF,TF,TF,TF,TF,TF","PALMD,CD53,VANGL1,ENSA,CTSS,KCNN3,ETV3L,DUSP23,C1orf112,PRRX1,TNFSF4,PTPRC,CAPN2,CNIH3,CHRM3,SMYD3,TESK2,AKR1A1,MKNK1,ELAVL4,DMRTA2,RAB3B,ZZZ3,GIPC2,GBP7,BCAR3,ABCA4,TMEM201,NCK2,EDAR,GREB1,NCKAP5,MAP3K19,GTDC1,RIF1,CSRNP3,SCN7A,STK39,CERS6,TTN,CCDC141,PDE1A,HECW2,RFTN2,PLCL1,ICA1L,NRP2,UNC80,CPS1,ERBB4,TNS1,PLCD4,FARSB,SERPINE2,DIS3L2,RMDN2,HNRNPLL,SLC8A1,LRPPRC,LRRTM4,IRAK2,IFT57,PHLDB2,HRH1,HGD,PDIA5,KALRN,MGLL,CPNE4,TF,TRIM42,NR2C2,SI,NAALADL2,FGF12,MB21D2,ZNF385D,ZCWPW2,CHL1,MYRIP,CCR2,POC1A,CACNA1D,ARHGEF3,CNTN3,EPHA3,BANK1,EGF,TNIP3,HSPA4L,LARP1B,SLC7A11,MAML3,CLGN,ARHGAP10,MARCH1,SMIM20,ADD1,COX7B2,CORIN,TECRL,TMPRSS11B,YTHDC1,CSN2,CABS1,AMBN,CXCL13,FRAS1,MAPK10,GRID2,PDLIM5,DTWD2,HSD17B4,NR3C1,GABRA1,TENM2,MSX2,BTNL8,CDH12,SKP2,WDR70,GRIK2,SLC16A10,NT5DC1,MAN1A1,TRDN,VNN1,NHSL1,SHPRH,SASH1,PPIL4,ESR1,MYLK4,CMTR1,DNAH8,TNFRSF21,GLYATL3,KLHL31,DST,EYS,SMAP1,MRAP2,NT5E,GABRR1,UBE2J1,BACH2,COG5,TFEC,THSD7A,CFTR,HIPK2,DGKB,C7orf33,PRKAG2,AGR3,NPVF,JAZF1,PDE1C,AOAH,SUN3,GRB10,CALN1,CACNA2D1,GNGT1,NCALD,UBR5,MTSS1,FAM49B,KCNQ3,PSD3,SFRP1,NKAIN3,C8orf34,ZFHX4,CNBD1,ERI1,NDUFAF6,PAPPA,CDK5RAP2,MORN5,PSMB7,SPTAN1,MED27,SARDH,NFIB,C9orf92,ADAMTSL1,FOCAD,TEK,CCL19,SLC1A1,SPATA6L,C9orf153,SYK,SORCS1,CELF2,ADARB2,FAM107B,MALRD1,NEBL,GPR158,ARMC4,SPOCK2,USP54,RNLS,MYOF,PDE6C,DYNC2H1,NCAM1,GRIK4,TECTA,VWA5A,PSMD13,QSER1,HIPK3,RAPSN,AGBL2,MMP26,OR4C11,OR5I1,OR10AG1,OR5F1,OR8H2,OR8H3,OR8U1,MS4A6A,ALDH3B2,PPFIBP2,TENM4,TMEM135,CTSC,GRM5,MTMR2,C12orf75,C12orf76,ETV6,NCOR2,EP400,SLC15A5,SLCO1C1,FAR2,CNTN1,POU6F1,VWF,FRS2,TMEM19,NTS,MGAT4C,KITLG,CLYBL,METTL21C,MTUS2,ZC3H13,LCP1,CAB39L,SLITRK1,GPC5,KIF26A,RNASE9,NUBPL,AKAP6,SLC25A21,KTN1,RTN1,PRKCH,SYT16,GPHN,DPF3,KCNK10,FOXN3,ADAMTS17,C15orf41,MEIS2,FSIP1,KNSTRN,INO80,HAUS2,ATP8B4,GLDN,FAM214A,IQCH,SKOR1,RGMA,MCTP2,ZFHX3,ABAT,ZC3H18,KRT33A,ABCA8,SAP30BP,MFSD11,SEPT9,DTNA,ZSCAN30,KIAA1328,CTIF,STARD6,RAB27B,TXNL1,CCBE1,SERPINB13,SERPINB11,CDH7,TSHZ1,ZNF761,CST7,ATP9A,PMEPA1,ARFGAP1,HAO1,SAMSN1,NCAM2,CLDN14,DYRK1A,UMODL1,KIAA1671,NPTXR,ZC3H7B,PARVB"
query_1,True,0.00312698019770399,3371,2022,422,0.20870425321463898,0.125185404924355,TF:M10694,TF,Factor: HOXA6; motif: NGYMATTANN,19940,5375,TF:M00000,"TF,TF,TF,TF,TF,TF,TF,TF,TF,TF,TF,TF,TF,TF,TF,TF,TF,TF,TF,TF,TF,TF,TF,TF,TF,TF,TF,TF,TF,TF,TF,TF,TF,TF,TF,TF,TF,TF,TF,TF,TF,TF,TF,TF,TF,TF,TF,TF,TF,TF,TF,TF,TF,TF,TF,TF,TF,TF,TF,TF,TF,TF,TF,TF,TF,TF,TF,TF,TF,TF,TF,TF,TF,TF,TF,TF,TF,TF,TF,TF,TF,TF,TF,TF,TF,TF,TF,TF,TF,TF,TF,TF,TF,TF,TF,TF,TF,TF,TF,TF,TF,TF,TF,TF,TF,TF,TF,TF,TF,TF,TF,TF,TF,TF,TF,TF,TF,TF,TF,TF,TF,TF,TF,TF,TF,TF,TF,TF,TF,TF,TF,TF,TF,TF,TF,TF,TF,TF,TF,TF,TF,TF,TF,TF,TF,TF,TF,TF,TF,TF,TF,TF,TF,TF,TF,TF,TF,TF,TF,TF,TF,TF,TF,TF,TF,TF,TF,TF,TF,TF,TF,TF,TF,TF,TF,TF,TF,TF,TF,TF,TF,TF,TF,TF,TF,TF,TF,TF,TF,TF,TF,TF,TF,TF,TF,TF,TF,TF,TF,TF,TF,TF,TF,TF,TF,TF,TF,TF,TF,TF,TF,TF,TF,TF,TF,TF,TF,TF,TF,TF,TF,TF,TF,TF,TF,TF,TF,TF,TF,TF,TF,TF,TF,TF,TF,TF,TF,TF,TF,TF,TF,TF,TF,TF,TF,TF,TF,TF,TF,TF,TF,TF,TF,TF,TF,TF,TF,TF,TF,TF,TF,TF,TF,TF,TF,TF,TF,TF,TF,TF,TF,TF,TF,TF,TF,TF,TF,TF,TF,TF,TF,TF,TF,TF,TF,TF,TF,TF,TF,TF,TF,TF,TF,TF,TF,TF,TF,TF,TF,TF,TF,TF,TF,TF,TF,TF,TF,TF,TF,TF,TF,TF,TF,TF,TF,TF,TF,TF,TF,TF,TF,TF,TF,TF,TF,TF,TF,TF,TF,TF,TF,TF,TF,TF,TF,TF,TF,TF,TF,TF,TF,TF,TF,TF,TF,TF,TF,TF,TF,TF,TF,TF,TF,TF,TF,TF,TF,TF,TF,TF,TF,TF,TF,TF,TF,TF,TF,TF,TF,TF,TF,TF,TF,TF,TF,TF,TF,TF,TF,TF,TF,TF,TF,TF,TF,TF,TF,TF,TF,TF,TF,TF,TF,TF,TF,TF,TF,TF,TF,TF,TF,TF,TF,TF,TF,TF,TF,TF,TF,TF,TF,TF,TF,TF,TF,TF,TF,TF,TF,TF,TF,TF","PALMD,CD53,VANGL1,ENSA,CTSS,KCNN3,ETV3L,DUSP23,C1orf112,KIFAP3,PRRX1,TNFSF4,PTPRC,NR5A2,PLEKHA6,ESRRG,HHIPL2,CAPN2,CNIH3,CHRM3,SDCCAG8,SMYD3,NKAIN1,TESK2,AKR1A1,MKNK1,ELAVL4,DMRTA2,RAB3B,C8B,ZZZ3,GIPC2,PRKACB,GBP7,BCAR3,ABCA4,TMEM201,NCK2,EDAR,GREB1,NCKAP5,MAP3K19,GTDC1,RIF1,CSRNP3,SCN7A,STK39,CERS6,TTN,CCDC141,PDE1A,ZNF804A,MYO1B,HECW2,RFTN2,PLCL1,MPP4,ICA1L,NRP2,DYTN,UNC80,CPS1,ERBB4,TNS1,PLCD4,FARSB,SERPINE2,DIS3L2,RMDN2,HNRNPLL,SLC8A1,LRPPRC,FBXO11,FSHR,LRRTM4,NCAPH,IRAK2,IFT57,PHLDB2,HRH1,SIDT1,DRD3,ZBTB20,HGD,PDIA5,KALRN,MGLL,CPNE4,TF,TRIM42,WWTR1,NR2C2,KCNAB1,SI,FNDC3B,NAALADL2,FGF12,MB21D2,ZNF385D,ZCWPW2,CHL1,MYRIP,CCR2,CCDC36,POC1A,CACNA1D,ARHGEF3,FRMD4B,CNTN3,EPHA3,ARL13B,BANK1,EGF,TNIP3,HSPA4L,LARP1B,SLC7A11,MAML3,SCOC,CLGN,ARHGAP10,FAM160A1,FBXW7,TMEM154,C4orf45,FSTL5,MARCH1,CLCN3,HPGD,SMIM20,ADD1,COX7B2,CORIN,TECRL,TMPRSS11B,YTHDC1,CSN2,CABS1,AMBN,SLC4A4,SHROOM3,CXCL13,FRAS1,ARHGAP24,MAPK10,GPRIN3,GRID2,PDLIM5,CTNND2,DTWD2,HSD17B4,NR3C1,ADRB2,ABLIM3,GABRA1,MAT2B,TENM2,MSX2,BTNL8,CDH12,SKP2,WDR70,ANKRD55,GRIK2,GCNT2,SLC16A10,NT5DC1,MAN1A1,TRDN,VNN1,NHSL1,SHPRH,SASH1,PPIL4,ESR1,MYLK4,SERPINB1,CMTR1,DNAH8,TNFRSF21,GLYATL3,KLHL31,DST,EYS,SMAP1,IRAK1BP1,MRAP2,NT5E,GABRR1,UBE2J1,BACH2,SRPK2,COG5,TFEC,THSD7A,CFTR,HIPK2,DGKB,C7orf33,PRKAG2,GALNTL5,AGR3,HDAC9,NPVF,JAZF1,PDE1C,BBS9,AOAH,SUN3,GRB10,CALN1,CACNA2D1,SEMA3A,GNGT1,NCALD,UBR5,MTSS1,FAM49B,KCNQ3,MSR1,PSD3,ARHGEF10,MYOM2,SFRP1,RB1CC1,NKAIN3,MTFR1,C8orf34,ZFHX4,CNBD1,ERI1,NDUFAF6,PAPPA,BRINP1,CDK5RAP2,MORN5,PSMB7,SPTAN1,MED27,SARDH,NFIB,C9orf92,ADAMTSL1,FOCAD,SMARCA2,TEK,CCL19,SLC1A1,SPATA6L,C9orf153,SYK,CENPP,SORCS1,CELF2,TEX36,ADARB2,FAM107B,ITGA8,MALRD1,NEBL,GPR158,ARMC4,ZNF248,ARHGAP22,PRKG1,ANK3,SPOCK2,USP54,NRG3,RNLS,MYOF,PDE6C,DYNC2H1,NCAM1,TRIM29,GRIK4,TECTA,VWA5A,PSMD13,ANO3,SLC5A12,DCDC1,DNAJC24,QSER1,HIPK3,LRRC4C,ARHGAP1,RAPSN,AGBL2,MMP26,OR4C11,OR5I1,OR10AG1,OR5F1,OR8H2,OR8H3,OR8U1,OR5M10,MS4A6A,C11orf80,ALDH3B2,PPFIBP2,OVCH2,TENM4,TMEM135,CTSC,GRM5,MTMR2,C12orf75,C12orf76,NOS1,ETV6,NCOR2,EP400,GRIN2B,SLC15A5,PIK3C2G,SLCO1C1,FAR2,CNTN1,POU6F1,VWF,FRS2,PTPRB,TMEM19,OTOGL,CCDC59,NTS,MGAT4C,KITLG,NTN4,CLYBL,METTL21C,SPACA7,MTUS2,KL,ELF1,ZC3H13,LCP1,CAB39L,SLITRK1,GPC5,KIF26A,RNASE9,NUBPL,AKAP6,SLC25A21,KTN1,RTN1,PRKCH,SYT16,GPHN,DPF3,TTLL5,KCNK10,FOXN3,ADAMTS17,C15orf41,MEIS2,FSIP1,KNSTRN,INO80,HAUS2,ATP8B4,GLDN,FAM214A,WDR72,UNC13C,IQCH,SKOR1,RASGRF1,RGMA,MCTP2,DNAH3,FTO,CETP,ZFHX3,PLCG2,ABAT,ZC3H18,KRT33A,BCAS3,ABCA8,SAP30BP,MFSD11,SEPT9,ASXL3,DTNA,ZSCAN30,KIAA1328,SLC14A2,CTIF,STARD6,RAB27B,TXNL1,CCBE1,SERPINB13,SERPINB11,CLUL1,CDH7,TSHZ1,SLC7A9,ZNF761,CST7,SLA2,ATP9A,DOK5,PMEPA1,ARFGAP1,HAO1,SAMSN1,NCAM2,CLDN14,DYRK1A,UMODL1,ATP6V1E1,KIAA1671,KREMEN1,NPTXR,CACNA1I,ZC3H7B,PARVB"
query_1,True,0.00312698019770399,3371,2022,422,0.20870425321463898,0.125185404924355,TF:M10694_0,TF,Factor: HOXA6; motif: NGYMATTANN; match class: 0,19940,5376,TF:M10694,"TF,TF,TF,TF,TF,TF,TF,TF,TF,TF,TF,TF,TF,TF,TF,TF,TF,TF,TF,TF,TF,TF,TF,TF,TF,TF,TF,TF,TF,TF,TF,TF,TF,TF,TF,TF,TF,TF,TF,TF,TF,TF,TF,TF,TF,TF,TF,TF,TF,TF,TF,TF,TF,TF,TF,TF,TF,TF,TF,TF,TF,TF,TF,TF,TF,TF,TF,TF,TF,TF,TF,TF,TF,TF,TF,TF,TF,TF,TF,TF,TF,TF,TF,TF,TF,TF,TF,TF,TF,TF,TF,TF,TF,TF,TF,TF,TF,TF,TF,TF,TF,TF,TF,TF,TF,TF,TF,TF,TF,TF,TF,TF,TF,TF,TF,TF,TF,TF,TF,TF,TF,TF,TF,TF,TF,TF,TF,TF,TF,TF,TF,TF,TF,TF,TF,TF,TF,TF,TF,TF,TF,TF,TF,TF,TF,TF,TF,TF,TF,TF,TF,TF,TF,TF,TF,TF,TF,TF,TF,TF,TF,TF,TF,TF,TF,TF,TF,TF,TF,TF,TF,TF,TF,TF,TF,TF,TF,TF,TF,TF,TF,TF,TF,TF,TF,TF,TF,TF,TF,TF,TF,TF,TF,TF,TF,TF,TF,TF,TF,TF,TF,TF,TF,TF,TF,TF,TF,TF,TF,TF,TF,TF,TF,TF,TF,TF,TF,TF,TF,TF,TF,TF,TF,TF,TF,TF,TF,TF,TF,TF,TF,TF,TF,TF,TF,TF,TF,TF,TF,TF,TF,TF,TF,TF,TF,TF,TF,TF,TF,TF,TF,TF,TF,TF,TF,TF,TF,TF,TF,TF,TF,TF,TF,TF,TF,TF,TF,TF,TF,TF,TF,TF,TF,TF,TF,TF,TF,TF,TF,TF,TF,TF,TF,TF,TF,TF,TF,TF,TF,TF,TF,TF,TF,TF,TF,TF,TF,TF,TF,TF,TF,TF,TF,TF,TF,TF,TF,TF,TF,TF,TF,TF,TF,TF,TF,TF,TF,TF,TF,TF,TF,TF,TF,TF,TF,TF,TF,TF,TF,TF,TF,TF,TF,TF,TF,TF,TF,TF,TF,TF,TF,TF,TF,TF,TF,TF,TF,TF,TF,TF,TF,TF,TF,TF,TF,TF,TF,TF,TF,TF,TF,TF,TF,TF,TF,TF,TF,TF,TF,TF,TF,TF,TF,TF,TF,TF,TF,TF,TF,TF,TF,TF,TF,TF,TF,TF,TF,TF,TF,TF,TF,TF,TF,TF,TF,TF,TF,TF,TF,TF,TF,TF,TF,TF,TF,TF,TF,TF,TF,TF,TF,TF,TF,TF,TF,TF,TF,TF,TF,TF,TF,TF","PALMD,CD53,VANGL1,ENSA,CTSS,KCNN3,ETV3L,DUSP23,C1orf112,KIFAP3,PRRX1,TNFSF4,PTPRC,NR5A2,PLEKHA6,ESRRG,HHIPL2,CAPN2,CNIH3,CHRM3,SDCCAG8,SMYD3,NKAIN1,TESK2,AKR1A1,MKNK1,ELAVL4,DMRTA2,RAB3B,C8B,ZZZ3,GIPC2,PRKACB,GBP7,BCAR3,ABCA4,TMEM201,NCK2,EDAR,GREB1,NCKAP5,MAP3K19,GTDC1,RIF1,CSRNP3,SCN7A,STK39,CERS6,TTN,CCDC141,PDE1A,ZNF804A,MYO1B,HECW2,RFTN2,PLCL1,MPP4,ICA1L,NRP2,DYTN,UNC80,CPS1,ERBB4,TNS1,PLCD4,FARSB,SERPINE2,DIS3L2,RMDN2,HNRNPLL,SLC8A1,LRPPRC,FBXO11,FSHR,LRRTM4,NCAPH,IRAK2,IFT57,PHLDB2,HRH1,SIDT1,DRD3,ZBTB20,HGD,PDIA5,KALRN,MGLL,CPNE4,TF,TRIM42,WWTR1,NR2C2,KCNAB1,SI,FNDC3B,NAALADL2,FGF12,MB21D2,ZNF385D,ZCWPW2,CHL1,MYRIP,CCR2,CCDC36,POC1A,CACNA1D,ARHGEF3,FRMD4B,CNTN3,EPHA3,ARL13B,BANK1,EGF,TNIP3,HSPA4L,LARP1B,SLC7A11,MAML3,SCOC,CLGN,ARHGAP10,FAM160A1,FBXW7,TMEM154,C4orf45,FSTL5,MARCH1,CLCN3,HPGD,SMIM20,ADD1,COX7B2,CORIN,TECRL,TMPRSS11B,YTHDC1,CSN2,CABS1,AMBN,SLC4A4,SHROOM3,CXCL13,FRAS1,ARHGAP24,MAPK10,GPRIN3,GRID2,PDLIM5,CTNND2,DTWD2,HSD17B4,NR3C1,ADRB2,ABLIM3,GABRA1,MAT2B,TENM2,MSX2,BTNL8,CDH12,SKP2,WDR70,ANKRD55,GRIK2,GCNT2,SLC16A10,NT5DC1,MAN1A1,TRDN,VNN1,NHSL1,SHPRH,SASH1,PPIL4,ESR1,MYLK4,SERPINB1,CMTR1,DNAH8,TNFRSF21,GLYATL3,KLHL31,DST,EYS,SMAP1,IRAK1BP1,MRAP2,NT5E,GABRR1,UBE2J1,BACH2,SRPK2,COG5,TFEC,THSD7A,CFTR,HIPK2,DGKB,C7orf33,PRKAG2,GALNTL5,AGR3,HDAC9,NPVF,JAZF1,PDE1C,BBS9,AOAH,SUN3,GRB10,CALN1,CACNA2D1,SEMA3A,GNGT1,NCALD,UBR5,MTSS1,FAM49B,KCNQ3,MSR1,PSD3,ARHGEF10,MYOM2,SFRP1,RB1CC1,NKAIN3,MTFR1,C8orf34,ZFHX4,CNBD1,ERI1,NDUFAF6,PAPPA,BRINP1,CDK5RAP2,MORN5,PSMB7,SPTAN1,MED27,SARDH,NFIB,C9orf92,ADAMTSL1,FOCAD,SMARCA2,TEK,CCL19,SLC1A1,SPATA6L,C9orf153,SYK,CENPP,SORCS1,CELF2,TEX36,ADARB2,FAM107B,ITGA8,MALRD1,NEBL,GPR158,ARMC4,ZNF248,ARHGAP22,PRKG1,ANK3,SPOCK2,USP54,NRG3,RNLS,MYOF,PDE6C,DYNC2H1,NCAM1,TRIM29,GRIK4,TECTA,VWA5A,PSMD13,ANO3,SLC5A12,DCDC1,DNAJC24,QSER1,HIPK3,LRRC4C,ARHGAP1,RAPSN,AGBL2,MMP26,OR4C11,OR5I1,OR10AG1,OR5F1,OR8H2,OR8H3,OR8U1,OR5M10,MS4A6A,C11orf80,ALDH3B2,PPFIBP2,OVCH2,TENM4,TMEM135,CTSC,GRM5,MTMR2,C12orf75,C12orf76,NOS1,ETV6,NCOR2,EP400,GRIN2B,SLC15A5,PIK3C2G,SLCO1C1,FAR2,CNTN1,POU6F1,VWF,FRS2,PTPRB,TMEM19,OTOGL,CCDC59,NTS,MGAT4C,KITLG,NTN4,CLYBL,METTL21C,SPACA7,MTUS2,KL,ELF1,ZC3H13,LCP1,CAB39L,SLITRK1,GPC5,KIF26A,RNASE9,NUBPL,AKAP6,SLC25A21,KTN1,RTN1,PRKCH,SYT16,GPHN,DPF3,TTLL5,KCNK10,FOXN3,ADAMTS17,C15orf41,MEIS2,FSIP1,KNSTRN,INO80,HAUS2,ATP8B4,GLDN,FAM214A,WDR72,UNC13C,IQCH,SKOR1,RASGRF1,RGMA,MCTP2,DNAH3,FTO,CETP,ZFHX3,PLCG2,ABAT,ZC3H18,KRT33A,BCAS3,ABCA8,SAP30BP,MFSD11,SEPT9,ASXL3,DTNA,ZSCAN30,KIAA1328,SLC14A2,CTIF,STARD6,RAB27B,TXNL1,CCBE1,SERPINB13,SERPINB11,CLUL1,CDH7,TSHZ1,SLC7A9,ZNF761,CST7,SLA2,ATP9A,DOK5,PMEPA1,ARFGAP1,HAO1,SAMSN1,NCAM2,CLDN14,DYRK1A,UMODL1,ATP6V1E1,KIAA1671,KREMEN1,NPTXR,CACNA1I,ZC3H7B,PARVB"
query_1,True,0.0089010890033568,1473,2022,204,0.100890207715134,0.138492871690428,TF:M10034_1,TF,Factor: Oct-2; motif: NYATGCAAATN; match class: 1,19940,8797,TF:M10034_0,"TF,TF,TF,TF,TF,TF,TF,TF,TF,TF,TF,TF,TF,TF,TF,TF,TF,TF,TF,TF,TF,TF,TF,TF,TF,TF,TF,TF,TF,TF,TF,TF,TF,TF,TF,TF,TF,TF,TF,TF,TF,TF,TF,TF,TF,TF,TF,TF,TF,TF,TF,TF,TF,TF,TF,TF,TF,TF,TF,TF,TF,TF,TF,TF,TF,TF,TF,TF,TF,TF,TF,TF,TF,TF,TF,TF,TF,TF,TF,TF,TF,TF,TF,TF,TF,TF,TF,TF,TF,TF,TF,TF,TF,TF,TF,TF,TF,TF,TF,TF,TF,TF,TF,TF,TF,TF,TF,TF,TF,TF,TF,TF,TF,TF,TF,TF,TF,TF,TF,TF,TF,TF,TF,TF,TF,TF,TF,TF,TF,TF,TF,TF,TF,TF,TF,TF,TF,TF,TF,TF,TF,TF,TF,TF,TF,TF,TF,TF,TF,TF,TF,TF,TF,TF,TF,TF,TF,TF,TF,TF,TF,TF,TF,TF,TF,TF,TF,TF,TF,TF,TF,TF,TF,TF,TF,TF,TF,TF,TF,TF,TF,TF,TF,TF,TF,TF,TF,TF,TF,TF,TF,TF,TF,TF,TF,TF,TF,TF,TF,TF,TF,TF,TF,TF","KAZN,CTSS,PYHIN1,FCRLA,PBX1,RGS8,NR5A2,PTPN7,NFASC,PROX1,ESRRG,DISP1,LRRC47,HIVEP3,PRKACB,PIK3CD,E2F6,RIF1,CSRNP3,SCN7A,UBR3,VSNL1,CERKL,DYTN,DTNB,ADD2,LRRTM4,MGAT4A,DRD3,CD86,MYLK,COL6A5,C3orf20,FGD5,PLCH1,WDR49,NLGN1,NAALADL2,LIPH,GMNC,FGF12,RARB,CHL1,TGM4,CCDC36,MITF,EIF4E3,EMCN,BANK1,ARHGEF38,ALPK1,TNIP3,TMEM154,GRIA2,C4orf45,PROM1,LDB2,CLCN3,GPM6A,RBM47,CORIN,EXOC1,TECRL,TMPRSS11B,TMPRSS11E,HELQ,PDLIM5,TSPAN5,COMMD10,TNFAIP8,DNAH5,SH3RF2,JAKMIP2,ERGIC1,CDH18,CDH12,CDH9,ZSWIM6,RASGRF2,GCNT2,SCML4,ADTRP,TRDN,NKAIN2,RNF146,SLC2A12,MAP7,NHSL1,HIVEP2,AIG1,MTHFD1L,CCDC170,JARID2,STMND1,MBOAT1,MYLK4,POM121L2,BTBD9,IRAK1BP1,BCKDHB,GABRR1,SRPK2,CALD1,MEOX2,AGR3,HDAC9,CREB5,PPP1R17,ELMO1,ZMIZ2,HUS1,SUN3,OCM,COL28A1,SEMA3A,GRM3,MSRA,GATA4,MRPL13,SGCZ,DLGAP2,CSGALNACT1,DPYSL2,EYA1,SLC7A13,NDUFAF6,PTDSS1,RGS3,FBXW2,PSMB7,CCDC171,C9orf92,ADAMTSL1,TEK,RPEL1,KIAA1217,ANKRD26,ZNF248,ANK3,CTNNA3,SORBS1,TLL2,KMT2A,MUC5B,ABTB2,LDLRAD3,OR4C15,OR8H2,OR8H3,OR8U1,DTX4,MS4A6A,PPFIBP2,GRM5,MTMR2,KLRF2,C12orf76,GRIN2B,LRMP,TMEM19,NAV3,OTOGL,NTS,MGAT4C,CLYBL,STARD13,ELF1,PCDH9,SLC15A1,NPAS3,EGLN3,SYT16,ASB2,FSIP1,DUT,ATP8B4,SKOR1,ITGA11,CES3,CDH13,PIRT,TMIGD1,CDC6,KRT33A,MSI2,MAP2K6,GLP2R,LPIN2,ASXL3,LIPG,TXNL1,SERPINB13,CDH7,RTTN,ZNF407,ZNF536,ZNF880,SPTLC3,TGM6,SLA2,SPINT3,WFDC9,HIC2,PIWIL3"
query_1,True,0.000404278561142728,50,838,19,0.022673031026252996,0.38,WP:WP4222,WP,Phosphodiesterases in neuronal function,6954,475,WP:000000,"WP,WP,WP,WP,WP,WP,WP,WP,WP,WP,WP,WP,WP,WP,WP,WP,WP,WP,WP","ADCY10,PDE4B,PDE1A,CREB1,ADCY5,PDE6A,PDE4D,ADCY2,PDE7B,PDE10A,PDE1C,ADCY8,PDE6C,NOS1,GRIN2B,PDE3A,CHRNA7,GRIN2A,PDE9A"
query_1,True,0.000531534564624536,120,838,33,0.0393794749403341,0.275,WP:WP4549,WP,Fragile X Syndrome ,6954,517,WP:000000,"WP,WP,WP,WP,WP,WP,WP,WP,WP,WP,WP,WP,WP,WP,WP,WP,WP,WP,WP,WP,WP,WP,WP,WP,WP,WP,WP,WP,WP,WP,WP,WP,WP","RAP1GAP,MKNK1,ABCD3,CREB1,GRIP2,ITPR1,PPP3CA,GAB1,GRIA2,CAMK2A,GABRA1,GABRG2,HCN1,HOMER1,FYN,KCND2,BRAF,DEPTOR,PTEN,KCNC1,GRM5,PTPN11,GRIN2B,GPHN,SH3GL3,GRIN2A,ABAT,SH3GL1,AP2A1,TTI1,PLCG1,PLCB1,APP"
